campaign_id,domain,whitepage_offer_id,adspect_stream_id,white_flow_id,status,error
2032,souverainnoyavex-com,,,,error,Expecting value: line 1 column 1 (char 0)
2031,piorun-kapitura-pl-com,,,,error,Expecting value: line 1 column 1 (char 0)
2030,nexork-system-it-com,,,,error,Expecting value: line 1 column 1 (char 0)
2032,souverainnoyavex-com,2052,163f89ee-b86e-46e1-a242-0f9f378cb0c0,2036,ok,
2031,piorun-kapitura-pl-com,2053,fe3760a8-66f9-49e0-8d2c-61d3f648ecd6,2037,ok,
2030,nexork-system-it-com,2054,23492d6e-8aad-49e5-af43-30c5111d3b0c,2038,ok,
2029,forgecapmoor-com,2055,3d7c1bff-992b-4aa4-b365-cd8b863a49b8,2039,ok,
2048,moor-captron.site,2081,d5c13084-154e-4565-b6ec-9b0d59b16ec3,2062,ok,
2044,nurtowin-pl.com,2082,83e6cefc-31f6-4a89-be44-23bfc1be3a02,2063,ok,
2043,tulonggrow.website,2083,38325f6e-cf43-4b0e-b72e-a7f22ec63535,2064,ok,
2042,vliesrendiburg.site,2084,d4cfb291-933a-45e4-9987-02b59a6e4781,2065,ok,
2041,affilefluxitage.com,2085,216da515-631c-4be1-aa5e-4fe351b4c838,2066,ok,
2040,maximeperraud.site,2086,a6e900fd-4118-4411-b2df-0569751e316b,2067,ok,
1996,mystralaiinvest.website,2087,9246e7e8-47b4-41f6-971a-e6184742de80,2068,ok,
1995,guadefinhub.website,2088,c9dbeda9-cdb3-4c1c-aeb4-cfa86d3e49f9,2069,ok,
1993,swaprivoire-official.com,2089,7a3ab5d8-6cbf-4c28-9eee-a622d6c7462e,2070,ok,
1981,luberonskalmesse.site,2090,0e5ee285-d5c7-48e2-a887-1dee01847c42,2071,ok,
1970,likiditekur.site,2091,036c53bb-2bb7-42ec-bb09-b1e8ce8e3da9,2072,ok,
1969,boostaxid2u.app,2092,fa4151e1-973b-479b-903a-220ec7279d60,2073,ok,
1953,immediateinvex.com,2093,51379b76-749b-4ce3-a3df-345141ad2281,2074,ok,
1952,oxlyrai.site,2094,cac244e3-8dbd-4051-984e-805af0e6efe1,2075,ok,
1949,norte-fondanza.com,2095,a5dec732-811f-420d-aa9d-b267ef05977e,2076,ok,
1947,vyplatatrznikov.site,2096,ed3cfa42-f311-4b39-a1ac-1616312bc5cb,2077,ok,
1945,bleskvynosica-de.com,2097,359385f2-07ef-4aa4-8545-822e96777704,2078,ok,
1944,vyplatatrznikov.de,2098,d2e86358-51f5-4c68-a57b-a4c54b7943a0,2079,ok,
1939,swap-400manerix.com,2099,b9c98c81-65a6-4a73-8a66-02577f8ee5a9,2080,ok,
1938,larg-profitarian-official.com,2100,067cabe2-2037-4a3d-970a-8c4785052170,2081,ok,
1914,devisal-moneta.com,2101,60f8e28d-10e5-43f2-9600-832e131057c1,2082,ok,
1895,cumbre-valterise-official.com,2102,3596983e-a41c-494e-85de-9d23d059fdf5,2083,ok,
1888,aureon-corevix.com,2103,451ac247-5f10-4fc4-af36-576368672b52,2084,ok,
1887,service-public-fr.com,2104,5336b867-a92a-45eb-a251-cfe9ba5e9ca0,2085,ok,
1883,havan-lucro.com,2105,0f4a97e3-2f69-4556-bc4c-fa3ca67175fe,2086,ok,
1867,altario-veyron.info,2106,19568e5c-5f73-41e4-8655-883ee1cb6f73,2087,ok,
1866,coroa-rendoria.com,2107,c92664c6-848d-4f52-b9b5-35dadbdcae28,2088,ok,
1865,syntrade-ai.com,2108,8ab558dc-3ee0-4d53-8c78-15c0ea579c5e,2089,ok,
1108,algo-2-u-axid.online,2165,2b052899-2e4a-4702-bb85-be9feb6c44b7,2186,ok,
2117,noble-trustica.com,2175,c766e350-7ce5-4b44-a5ce-35ab75482b07,2207,ok,
2147,rocca-fondezza-it.com,2206,18840ecc-b6fc-4265-954f-00c0f80637c9,2273,ok,
2148,zenit-fondivo-it.com,2208,55e81d50-7b88-4159-855e-0e0a842b6ab8,2275,ok,
2149,cevora-qunta.com,2217,be2d643a-3b9f-463a-899d-faa745f810a2,2284,ok,
2,klopirakon-ro.com,2228,2b01308c-abf1-4dd3-9c03-9176951cc1c5,2295,ok,
3,puramonetorio.com,2229,5ff2c4e9-b234-4b5e-bba0-98c556b4b046,2296,ok,
4,ziskovex-cz.com,2230,3c5c1df6-367b-468a-b20b-a2c27dd3af4b,2297,ok,
5,zywa-kapovin.org,2231,80e1fc0a-3bd0-4756-9366-0a67d1660d99,2298,ok,
6,caudencia.org,2232,e911f22c-6a00-4ad6-a2ee-b8ee9f4a4eab,2299,ok,
7,chiara-fondenza.org,2233,b5f2aafa-ea51-4fb6-82aa-0960eff391ad,2300,ok,
8,gronexzolo-de.com,2234,e6bf8458-c9e7-4927-9854-fca8dde277bb,2301,ok,
9,portefeuille-vexo-fr.com,2235,e0b3a792-334f-4010-a0b5-fb8886d92af2,2302,ok,
10,czubek-finoriax.org,2236,0e87e3ef-b6f8-46fc-8c64-89490fc33969,2303,ok,
11,cennostow.org,2237,90b39eb9-fcfc-414d-9c9d-7e2010d97c65,2304,ok,
12,akaudalorio.org,2238,2d1b7047-9a3b-4e5a-a651-b4ba7dd99351,2305,ok,
13,pike-vaultwick.org,2239,fcad69f1-3043-4b9d-b510-25d98e723af9,2306,ok,
14,phlint-kapstead.org,2240,88be19a0-2c64-4c15-ac89-eb3d27f1707e,2307,ok,
15,flint-capstead.org,2241,7cbacfa1-06c0-41b0-b4cd-0ac8ca181ce7,2308,ok,
16,thorncapstead.com,2242,414dff82-78ca-4dec-aa1d-44c6691a8b3e,2309,ok,
17,cairnfundholm.com,2243,fc3b55f3-0576-4d43-b2f3-64a4caef7c60,2310,ok,
18,cairnphundholm.com,2244,8154c06b-e865-4451-b2f5-bb29ffc95891,2311,ok,
19,rendaurmence.com,2245,b0480fc9-a7b7-470c-896b-0fc68c71c829,2312,ok,
20,kralfinexis-de.com,2246,c1bdf1f2-a014-4afb-bebf-f6f00f3489bf,2313,ok,
21,justedevisoire.com,2247,cb286498-5dc6-4d79-a5e1-071680967b13,2314,ok,
22,acaudalorio-es.com,2248,96576543-b247-4627-b094-70d39d10ccc5,2315,ok,
23,hvezda-credano.org,2249,db285521-ba49-4ce6-9f10-2579bea3dc25,2316,ok,
24,alta-peculianza.org,2250,3277fad8-2be2-4f2b-a207-207747febabf,2317,ok,
25,bogatovfondanta.com,2251,4c9ffb52-bcd6-40ab-8d36-facd8bdaaf76,2318,ok,
26,zivan-core.com,2252,6cbc128f-1ee3-4b23-8b85-823f799d8dad,2319,ok,
27,stejar-monetiv.org,2253,602c0023-4b9d-4a47-acf1-eec9561d7b1d,2320,ok,
28,regia-caudencia.org,2254,0e5e19c0-a52b-42f0-a0af-a899f1ba1578,2321,ok,
29,valle-profitra.net,2255,f3e90b9b-4f18-46fc-a6b7-1bf21783f56c,2322,ok,
30,valle-profitra.org,2256,7f33c323-f0ae-4ddb-b1d6-b36f96e591ef,2323,ok,
31,kronyx-fin.org,2257,482c2505-5129-4034-9ccb-6ffe868883b8,2324,ok,
32,nextgen-algo.net,2258,f7ff6924-4de2-4270-892d-72f9b5c4c158,2325,ok,
33,flux-gainluxor.org,2259,8308ff85-f59f-4b1e-b702-04acd5c5e241,2326,ok,
34,lucro-zynal.org,2260,2604958e-3e92-4bda-b6c2-9f245260d035,2327,ok,
35,vize-vexeris.org,2261,30f7387b-58d0-49fd-ae0e-921cc1e4e412,2328,ok,
36,snap-aloxi-600.org,2262,e96bd4b1-d6eb-463c-a23a-3f482934a0d7,2329,ok,
37,treviloxano-pro.org,2263,5cf3a9c1-52c4-42c7-bb3b-57ef3a87afde,2330,ok,
38,prime-aurora-fin.org,2264,aa3632f8-e03d-4b0f-b8d0-c32ec5fcb608,2331,ok,
39,yucedegertepe.com,2265,69ebcf45-16b9-4be5-8098-ef9709b40aa0,2332,ok,
40,yuce-degertepe.org,2266,e562dd85-176b-48c3-8f01-1ee8acf58b03,2333,ok,
41,boost-kinrix-sys.org,2267,0c8ac2a6-fa1d-4157-9cd1-9cf4b3706d50,2334,ok,
42,boost-kinrix-sys.net,2268,88b2145c-7bed-41e1-9386-9c0b6fb8f3dd,2335,ok,
43,epic-maxalt-cap.org,2269,afb49577-2430-476f-87c0-37d60556cd45,2336,ok,
44,tesorvenza.net,2270,625151b8-565b-493b-9e5c-9a6199c2ee04,2337,ok,
45,tesorvenza.org,2271,3f72ff3e-eb7e-4757-ab38-9d7ce9017375,2338,ok,
46,italuonex.net,2272,e7260ffe-edd6-4d4f-b995-32593c4826b5,2339,ok,
47,justedevisoire.org,2273,20a972b5-9eb6-4263-9d40-85dba241b421,2340,ok,
48,juste-devisoire-fr.com,2274,b3a5a180-9d3d-475f-86de-bff7c9d90b7e,2341,ok,
49,italuonex-it.com,2275,b67360bf-66be-471a-b014-b82a7e97fcf2,2342,ok,
50,stream-eprex-sys-es.com,2276,f02f2d2a-f9af-4f8d-bf97-5e206f9ddad2,2343,ok,
51,velocidad-luxten-es.com,2277,de8423db-be1d-4a18-a97d-e1077418af36,2344,ok,
52,cassorio.org,2278,5a4c25f4-80e3-4084-9384-040c23583605,2345,ok,
53,solvenciere.org,2279,149693d7-2d5e-47b3-bd5e-e8145c7d82b3,2346,ok,
54,dash-imovax-cap.com,2280,83482090-a30d-4fff-94cc-ccba6975b5b1,2347,ok,
55,dash-imovax-cap.org,2281,14ed644a-494d-421f-a92e-a88ad2e94753,2348,ok,
56,patent-louagence.org,2282,651c58d2-e891-4a32-8c5a-a943e7a11179,2349,ok,
57,patent-louagence.net,2283,c3fb60da-9c2b-42b7-a99a-970bcb7dbd5a,2350,ok,
58,loukavaltrix.com,2284,6c7c9719-3ebb-4713-a6d0-19b76b258d25,2351,ok,
59,jaroprosivo.com,2285,0826d7ed-72d6-48e3-b4a0-a49f6deb1cf3,2352,ok,
60,louka-valtrix.org,2286,79772913-9482-4833-aa93-ce8fe2b36f51,2353,ok,
61,rookholm.org,2287,b4f7800a-990c-4a2c-91af-2227a602e062,2354,ok,
62,bene-stimazza.org,2288,18f279e6-750e-496c-8ebe-a41b96331455,2355,ok,
63,cumbre-fortunov.net,2289,a70ae7d3-37ca-48ee-aeae-262dbfc7b87e,2356,ok,
64,cumbre-fortunov.org,2290,ed323f66-05fa-4cce-9576-ad74e68bbae6,2357,ok,
65,eldaranio-ai.org,2291,f76464cd-b607-401d-a8a7-ae3c1bdff080,2358,ok,
66,justo-lucrantan.org,2292,6b3ead49-352d-497b-ba6f-e14ec13f5e13,2359,ok,
67,snap-avage-400.com,2293,b8918eef-87d0-4914-9a89-83678ae36947,2360,ok,
68,viziune-luxaris.org,2294,5adf4749-c191-44dc-9d57-21756997d0ec,2361,ok,
69,plena-capitoria.org,2295,a1f35f19-2d40-4dba-a1cf-dc818ca2c59d,2362,ok,
70,handelzwrotowosc.com,2296,80fa8b68-dc95-4a78-90aa-9db28d737abc,2363,ok,
71,walutura.org,2297,283a05f8-5de3-4114-a1c0-a8223b3dcd85,2364,ok,
72,guild-capitaldale.org,2298,242ba15b-2a6b-407d-8405-bc1077c3a3a4,2365,ok,
73,asset-valuegate.org,2299,e31c7df2-5a47-48ca-a577-8dfb63fae573,2366,ok,
74,obligoria.org,2300,a2629fc5-8503-4019-9583-554bdd3b643a,2367,ok,
75,awoirencia.org,2301,1e35ec97-cc14-4a37-8388-dd500779c169,2368,ok,
76,nobile-fidovenza.org,2302,29e8f28d-fe86-44b3-b080-a7be0d716db1,2369,ok,
77,nova-pln.org,2303,0314cf37-c9a7-4ff2-bbea-e5b9e51b1646,2370,ok,
78,alta-prestorio.org,2304,b37df1ea-f4cb-4608-b0de-86b18ccae283,2371,ok,
79,gieldovin.org,2305,6a55de8f-1cd5-45a5-91c6-a0fede2015b6,2372,ok,
80,pura-patrienza.org,2306,c19996bb-2fd5-4efe-9230-09bd4eb4711f,2373,ok,
81,yaln-vadelikent.com,2307,e50c1d47-e851-4c86-ae32-ceaff7446815,2374,ok,
82,roccanazionale-ia.org,2308,dc8bef6a-c715-42b2-9e1c-614847dffad1,2375,ok,
83,riche-gestoire.org,2309,e78ac0d1-ee8b-4040-8c4e-9d01d4604737,2376,ok,
84,orenthio-vector.org,2310,d5299f24-03fd-4067-882b-d3bf58ff6553,2377,ok,
85,beacon-securstead.org,2311,ab216482-ae31-4489-912a-2dc8ef3fb67e,2378,ok,
86,fondsdam.org,2312,277b7bf6-1fce-4672-9f57-959abee2c67b,2379,ok,
87,richesinvestdale.com,2313,06bd008f-9582-49b1-83ee-9fa43955d36d,2380,ok,
88,sendero-finlorex.org,2314,44168d7a-b8c9-4052-8f5b-6b068fcd8395,2381,ok,
89,clarizo-monetivo.org,2315,4c512107-c580-44a6-a6cd-69afff441f0f,2382,ok,
90,larchcredholm.com,2316,1d301af2-1dc2-4be3-ae5c-c0b84a0cac80,2383,ok,
91,poreczovin.org,2317,30d4e34b-227d-4000-91e9-2678c23f93b8,2384,ok,
92,exito-doribax-es.com,2318,9f19e5d5-ce37-4102-861f-bb8de56440d7,2385,ok,
93,chain-atarax-500.com,2319,0ca2073c-f572-4b8a-93ea-7cb4228253be,2386,ok,
94,steinberix-kapital.com,2320,55ec7041-3d82-4682-a70d-25a5e3120cf0,2387,ok,
95,rentiance-fr.com,2321,1417bb8b-cf8c-437b-bed6-28823d239f7d,2388,ok,
96,natrixellio-v92.org,2322,6c138eb9-57e6-4ca8-9c0f-9da35bba83cb,2389,ok,
97,swapoire.org,2323,ff421741-dc56-45db-867c-e99be96666da,2390,ok,
99,fundalitengs.org,2324,2c58e3d3-ab17-40d6-b60c-9c50a0386335,2391,ok,
100,fiero-valtrix.org,2325,5d36d4f5-6728-4677-93c5-6fe39b66b92c,2392,ok,
101,binterex-de.com,2326,d6408f13-930c-4466-8b59-bc80d57eceba,2393,ok,
102,norda-finextra.com,2327,daa76ab2-36da-4415-af94-991453d87d97,2394,ok,
767,wiranivo-treyde.com,2328,dee8e707-5799-4c92-8da5-64ff07be9ee4,2395,ok,
768,focha-fyndveo-pt.com,2329,92ef48dd-92e8-4e89-948b-9a948e367d21,2396,ok,
769,luc-fondorium.org,2330,4ca882e6-95bc-4d36-a5fc-cf8346d4e50a,2397,ok,
770,fiervaleurence.com,2331,cee05321-5def-416c-9e8c-785f11740a74,2398,ok,
771,kuuarvostus.com,2332,01c48c43-0f98-43c7-934b-c895b0578131,2399,ok,
779,lunexora-de.com,2333,d4d16189-4560-4285-9445-92d57e0fd7b4,2400,ok,
780,quantrex-arvion.org,2334,5aa762c5-db7d-446d-8860-751c50f43538,2401,ok,
781,jenax-solutions.com,2335,caa49d0c-f7bd-4e21-8ce7-9bf1326d8fd0,2402,ok,
782,minervcorvesse.org,2336,244bd74a-067c-4656-b6d1-1cbdbf25939f,2403,ok,
783,mond-utilecto.org,2337,a399ff43-f1ae-4434-8d11-b84c0ae8c9e2,2404,ok,
784,ampiogestivora.com,2338,bf20a8c7-5bc5-4994-99f5-5d2f0d799ec4,2405,ok,
785,acutoborsettura.com,2339,8e2e3621-6139-4c2e-8668-acec18d0de30,2406,ok,
786,ferra-rendorio.org,2340,79add58c-b2ed-4830-b2bf-7b53b7242c44,2407,ok,
787,pilirportalis.com,2341,7a668b54-4600-4620-8f52-e1fe121dcb5f,2408,ok,
788,eclaissance.org,2342,04b2a090-bf84-4048-875a-d33eca103f5b,2409,ok,
789,goldspirenexor-ca.com,2343,4ba66cd6-e6a8-4158-8ba6-10e6f91844bc,2410,ok,
790,quellmarkstead.com,2344,80d1f712-1f01-4b85-a494-1fe8201efbf9,2411,ok,
791,vero-gestivonda.org,2345,49072fb6-9b5a-4629-b1de-b0ca159cd875,2412,ok,
792,dorn-wealthstead.org,2346,7bbbfe9a-c75b-4d28-8897-89073c6419c0,2413,ok,
793,finovestaire.net,2347,40a556a2-e1d0-4b19-a8fe-4746de09dee1,2414,ok,
794,souple-gestivence.org,2348,84a1f8ef-4468-46f4-b8ff-2940fc9e209e,2415,ok,
795,ouro-rendanca-br.com,2349,95d706ee-c2f9-4d79-9a9a-b2ad63bfacbc,2416,ok,
796,merovixan-talzerio.com,2350,76fe6e1b-62d4-4516-b19b-94d3f7dcbfcb,2417,ok,
797,zorvanelix-tredomio.com,2351,a41c1c64-b33b-45ed-96b6-424dbfd4b707,2418,ok,
798,ample-rendovance.net,2352,28c3d07e-9620-41f5-ace3-d8e73ca696e4,2419,ok,
799,thornrendthal.com,2353,900bb892-7702-4210-a097-24a9b3c6a6bc,2420,ok,
800,forte-capitenio.org,2354,a272fad0-f7e3-401d-b24f-a7c9b6f00e3a,2421,ok,
801,certo-gestovanza.org,2355,ade326fd-93de-408e-832f-a4d9535dbc21,2422,ok,
806,haly-trady.com,2356,28ca0615-ace3-4bc1-a123-f4eb7d2c4298,2423,ok,
812,prontomercavita.com,2357,b56d772e-b908-4b61-a238-2766fb131190,2424,ok,
820,veldmarkholm.com,2358,53d4b46a-923e-40b5-9bbb-49503812ab44,2425,ok,
825,net-gestivoire.org,2359,f00aad94-8814-4d75-8489-c47be049ed31,2426,ok,
826,rapidoborsetanza.com,2360,cdbd1d67-5273-422f-9613-0b2db600daa2,2427,ok,
827,avoirencia-fr.com,2361,3f69cafb-2a73-489d-8c58-c940af80f55b,2428,ok,
828,redmont-calvholm.org,2362,1ead3914-3759-44bd-98cf-f39b1fbc7d24,2429,ok,
829,novuinvolux.com,2363,da9e1754-dc9a-46a5-87b1-2de4ac29acc4,2430,ok,
830,hitofintralis.org,2364,58cf40f9-aca5-4f4f-9ce2-b36907135781,2431,ok,
831,nelixio-trevix.org,2365,a85d9d1f-1d9b-4aef-b87f-e13b57f2e074,2432,ok,
832,finavoro.org,2366,98fa188f-7db0-47ae-b181-08b5515cd585,2433,ok,
833,swiftspiretalyx.com,2367,d398800b-1152-476c-b2f5-865e523f7e50,2434,ok,
834,vast-fundria-ai.com,2368,f9d1f773-92de-4319-9bb7-964267e508a3,2435,ok,
835,vltava-rendavik.org,2369,b1966de2-b6ab-481d-9dbe-7e3cc19f0b02,2436,ok,
839,cardineactivenza.com,2370,54883f0a-fcc9-4366-ba62-044b5e1bed53,2437,ok,
840,maltorexiovalux.com,2371,76bb59e7-2604-4d67-9545-ded5cc56fdd7,2438,ok,
842,ferazevixio-it.com,2372,50fa5827-f332-41c9-97ea-c1d46fd8ec97,2439,ok,
843,krkon-vynov.net,2373,16a8f7be-ec43-46cb-a34c-7561a4be7db1,2440,ok,
844,nobilelucratura.com,2374,d61ef535-8980-48d1-a73f-50d62f996422,2441,ok,
845,solidogestivenza.com,2375,8d9888a3-6e60-46dd-ab86-23fe90b997f5,2442,ok,
850,kuhnfondthal.com,2376,1b443d1d-04f5-497d-8ac3-6e159c1c52d9,2443,ok,
851,uwelonex-de.com,2377,dbb3e71e-2d07-418d-a514-40b92909d06e,2444,ok,
852,invex-joryx.org,2378,f0d693da-4813-4a24-bd8d-064df84a3ab0,2445,ok,
853,plena-capitoria.online,2379,34727b78-b94e-45f1-a99a-c6f7fd48d84d,2446,ok,
856,snap-herplex-hub.com,2380,b046b183-6fbf-4251-976e-df67e8cdb4a8,2447,ok,
858,schacht-koersveld.cfd,2381,609aae6e-fc7d-4ca6-83a7-5e6563a9cf00,2448,ok,
860,artinexa-nl.com,2382,c25ec273-f350-4855-9716-238f11ed0efc,2449,ok,
861,sobre-patrimance.info,2383,21ed9411-2ce7-4073-b947-2579c2c112a7,2450,ok,
862,haut-patrimesse.site,2384,0eb054b8-3e60-4dd9-b32a-480c648f941b,2451,ok,
863,ample-eparature.online,2385,09cf6706-74cc-446d-a68c-c701b85f19bb,2452,ok,
864,nette-markvere.website,2386,dc92c66a-c129-45c4-af75-e0197b58a2bc,2453,ok,
865,sterke-fondveer.online,2387,2648a131-8872-42df-83a2-ea7ac5b8f46a,2454,ok,
866,libra-fondex.cfd,2388,001189a5-7efb-46e7-8455-86fb88ee0b9c,2455,ok,
867,vaste-chainoire.info,2389,d3b2b490-e970-4fd3-bb8a-a5478d9025cf,2456,ok,
868,forte-richvere.site,2390,9d31b68f-f431-4e2f-90c1-36f013afe9a8,2457,ok,
869,acuto-patrimanza.online,2391,8e0b3f0c-993f-4244-ba77-f5a61205b743,2458,ok,
870,solida-securovia.cfd,2392,4f2e77e5-2f7a-49ef-a9d9-011579cb5dee,2459,ok,
871,yuce-mulkzade.website,2393,0f810bd2-8bba-4302-bb1e-69b471d2bacf,2460,ok,
872,tesoro-mercivura.info,2394,5f6fbda8-b86d-4003-8d92-f24772527557,2461,ok,
873,neuve-markvere.cfd,2395,b001dc33-123a-4eb8-a440-0e71e8939fd6,2462,ok,
874,grotaxiv-ca.com,2396,550901ae-3135-4da5-b7ec-ee848a3bdf5e,2463,ok,
875,mave-ledstead.cfd,2397,cc1e2d8a-e18c-4208-b540-8a8386def07f,2464,ok,
876,kryptozantor.site,2398,89c08def-8614-4683-9816-9ff24a0e9459,2465,ok,
877,signal-2u-imitrex.cfd,2399,801caf3c-6df5-409f-bb70-482c36e5db0d,2466,ok,
878,jaroprosivo-cz.com,2400,df89ffc5-029b-4950-852f-b65036ea8d98,2467,ok,
879,pur-castigent.cfd,2401,2c1af90e-200b-4377-971c-5009c16eb346,2468,ok,
881,justo-credovia.cfd,2402,3d815a0a-0f1e-4c68-af90-90bf067984dc,2469,ok,
882,effectenria-be.com,2403,58850371-a9b8-4bb1-a910-22f17404519e,2470,ok,
883,intel-maxalt-xr-es.com,2404,cb954c6d-45eb-4d41-b6d4-3d74a867ad35,2471,ok,
884,polso-crescianza.it.com,2405,372827c1-5466-48d2-bd24-a613caa0516e,2472,ok,
885,kursvermberg.com,2406,5c3fed41-a5db-4c99-b3ca-f3a0572d754c,2473,ok,
886,starkfondthal.com,2407,5eeea300-4108-4605-b44d-4a84820c3460,2474,ok,
887,sensor-500-chenix.com,2408,47a527cd-f18b-4e13-b63b-ff285270e46e,2475,ok,
888,klucz-zyskorek.net,2409,993b0ee8-1006-416b-98f7-d357f4b13738,2476,ok,
889,franc-profitence-ch.com,2410,f681c6a4-a5ef-4b2a-8456-36e9d4bc0804,2477,ok,
890,morne-fundvex-es.com,2411,dcd4344b-1790-4b64-8ec6-54ec422ff968,2478,ok,
891,sterling-vaultmere-gb.com,2412,5c59dfe1-f1d0-453e-9369-2042052f14c9,2479,ok,
892,astrone-voenlycs.com,2413,26e29ec5-29d7-426b-8b82-d7139ccf768f,2480,ok,
893,resgatura.site,2414,a8ba3000-7192-4530-8895-c00971b89837,2481,ok,
894,redmere-calvin.online,2415,36373db5-dee8-4a1e-b4e8-25a78f8c19d0,2482,ok,
895,kiwi-wealthgrid-nz.com,2416,e3ae2ef2-c9da-4bd9-a0e7-ffd962e8726e,2483,ok,
896,liman-sermvara.org,2417,e33215a9-3974-4309-9830-798778277df9,2484,ok,
897,levamercivolta.com,2418,fd29982e-95af-405c-88f8-bf05593aedba,2485,ok,
900,senvixel-it.com,2419,1afb572c-0e34-42b7-a860-8f80340a0125,2486,ok,
901,moravaprofitavik.com,2420,746c64ad-95a8-4a53-8197-8eda319d2ba6,2487,ok,
902,obligoria-fr.com,2421,61b4e081-c6d4-4a8b-8e9e-b519c73708ca,2488,ok,
903,arcocapitranza.com,2422,6d0608df-16af-4e2c-8f27-278aae52c5f6,2489,ok,
904,virelune-qastorix.info,2423,afb49baa-be6f-4604-8f7f-c468db21d9cd,2490,ok,
905,morava-profitavik.net,2424,7fb322a6-b00a-47a3-bdcf-0a108d54d534,2491,ok,
906,renditix-ai.site,2425,d327044f-e359-4087-8f3d-d70b5d614c59,2492,ok,
907,ritmo-corexar-it.com,2426,6da07b4a-cbbb-45f1-a425-82c96e635914,2493,ok,
908,moor-gainmere-gb.com,2427,14027338-7ef5-469d-9515-6998909f9c6b,2494,ok,
909,argentis-capora.org,2428,d19ba5d3-905a-4332-933f-3539fd80062d,2495,ok,
910,vynovex-cz.com,2429,8ad89737-52f5-40cb-9ee5-f57dae2b00d1,2496,ok,
911,amontmarchitude.com,2430,408a15b4-c39d-4396-aaae-34c9df4d04a9,2497,ok,
912,lueur-activorade.online,2431,2fdbfe03-3037-436c-9924-d61c67edb55c,2498,ok,
913,elaneparonce.com,2432,349dc2da-8743-4148-8390-5142408ddbef,2499,ok,
914,snelledataveer.com,2433,51dffeec-3301-432d-b013-a9a8c7f3ab38,2500,ok,
915,zukunft-treuhand.com,2434,a412dca8-f09b-4292-822e-bf356ee0cd01,2501,ok,
916,yukseklik-finthor-tr.com,2435,d2bb30b0-8850-42da-9a5e-6894a2af8179,2502,ok,
917,estrat-rix.com,2436,64de3219-36dd-431e-b3c4-e5f3a6e28af5,2503,ok,
918,argento-bitfundix.cfd,2437,4e5fa045-7719-4704-b052-1cc3e0a1a81b,2504,ok,
919,liman-finthra-official.com,2438,3a951ce8-04f1-41a2-9d2e-7de0316a3f66,2505,ok,
920,bohemrendost.com,2439,7d58585b-3268-4616-836e-f3f7f892754e,2506,ok,
921,noble-gainlux.org,2440,b427985d-584e-4eaf-86f5-f652fa8e4765,2507,ok,
922,vision-luxovel-es.com,2441,7a60fb89-f0f6-4132-874c-dfb42cc51d87,2508,ok,
923,lesta-chainovia.org,2442,74147c93-d43c-4127-a0a2-43acd3b7356f,2509,ok,
924,pamadolexio-it.com,2443,00b9c162-541f-40cb-a61f-04b8f48ac872,2510,ok,
925,toscharex.online,2444,71b29e78-2304-463b-9895-e939fbfda673,2511,ok,
926,horizontradcrest.com,2445,a79ad41a-b66a-49d0-b38a-2d4bda52a5ac,2512,ok,
927,puramonetorio-it.com,2446,17cef645-43be-4a95-9482-fa681b9c4734,2513,ok,
929,instant-hiberix-2-u.com,2447,c4f32d24-9c8c-497e-9794-6fb177cba213,2514,ok,
930,nobil-rendante.online,2448,d8aaa22c-c310-4f6f-ad79-49034595a8e5,2515,ok,
931,pol-nexis.com,2449,843fb697-6249-4276-b64d-2b144169a27f,2516,ok,
932,kapitalium-de.com,2450,1169d298-3f72-4ab5-8c61-d8fa4a014bea,2517,ok,
934,euro-nova-ai.com,2451,86df4419-045c-4ca0-952b-dd339e02da84,2518,ok,
935,lior-fortex.online,2452,1ca929b3-7a52-4185-b78e-1d996f63ed7c,2519,ok,
936,lucente-nexor-it.com,2453,a053dff7-962e-4872-be63-32547a97d7d0,2520,ok,
937,benefic-mapance.website,2454,8995e1d2-912e-4cf1-a2ec-e2cd2825388b,2521,ok,
938,lunatrixeonix-de.com,2455,33de377e-c4b2-43ef-9d85-9f6a748317e4,2522,ok,
939,zwarewinstdam.com,2456,1b436fa8-01ef-4a44-9250-c4ce981edc03,2523,ok,
940,vasterendivesse.com,2457,de509f32-b689-4afa-a1a9-5632f5ba13d0,2524,ok,
941,lomixu-ai.com,2458,511070df-8024-4249-9afa-fc0d055e2d4e,2525,ok,
943,limartu-ledthra.org,2459,77e91324-8623-4b5a-88d8-7ad4117d2686,2526,ok,
944,brite-inveranza.cfd,2460,2e53629e-e164-4cb5-b0c7-53b961d8c4a2,2527,ok,
945,silvervelvion.com,2461,3175ab2a-d037-4184-a0fb-a08442914b77,2528,ok,
946,cresta-yieldor.net,2462,8d66d40e-1cfc-4bb2-b319-631932119c9d,2529,ok,
947,puramonetivo.online,2463,01a67d6c-e6f1-474a-a564-3a53a1a63f44,2530,ok,
948,frame-iplex-hub.site,2464,a9aa1b14-6a5e-47f2-beb9-0384d5fb8b7a,2531,ok,
949,kryanex-core.org,2465,48fe7699-e319-46f8-bf61-0f0619e197b7,2532,ok,
950,wahrefondberg.com,2466,0ca583eb-74ed-42b5-b11e-3837c493f5d3,2533,ok,
951,hellekapitberg.com,2467,c678d11e-af7f-40c0-ba75-a5d688f0aaf3,2534,ok,
952,monetra-ai.com,2468,08e88f6e-217e-4739-b0d7-190422e194f5,2535,ok,
954,scherp-fondstad.online,2469,bad8e885-5882-4d7a-b892-c093b44d0ffd,2536,ok,
955,domarevix-valix.online,2470,765c4591-fe95-46f0-a082-bfd1175627f9,2537,ok,
956,quantum-flowbit-se.com,2471,48ed2661-38bc-4e94-b944-939530a47486,2538,ok,
959,felvyn-propvale.net,2472,bb0b6691-bdb4-4388-ac65-6061a83ae4d9,2539,ok,
960,brackyngainstead.com,2473,54ecdf2a-2ee7-45d2-8db6-633d853895ca,2540,ok,
961,wache-vermthal.site,2474,d21b602e-09d5-43ea-bf16-4b9defea7eb6,2541,ok,
962,derin-ledvara-tr.com,2475,cb3d0c5c-6b38-451a-a5b4-a3969068a392,2542,ok,
963,flux-gainluxor-ro.com,2476,930c38b8-c31a-4ecf-929e-c605307a1321,2543,ok,
964,argenti-bitflow.online,2477,ba2ccab9-8d77-44c9-8d0d-32e84ff1d1f8,2544,ok,
965,profitex-finverio.online,2478,d31d5dba-36a0-43ff-a02a-cc492287a126,2545,ok,
966,gelir-lucevi.website,2479,a93773b7-4875-42d0-a279-ae5d39896b93,2546,ok,
967,mercivanta.online,2480,27230b46-8366-47f5-b988-a2a1716d8993,2547,ok,
968,crescivolta.info,2481,80522bad-0782-483a-9426-5ab7113108f2,2548,ok,
970,saldopreisburg.com,2482,67c9180f-dce8-4f68-af5f-86d1e10314b1,2549,ok,
971,bogaventfinance.com,2483,1b5277d0-d368-4d07-a810-dc75311f901d,2550,ok,
972,elwyn-datamere.org,2484,d5237b34-e99f-4b84-9ec5-3426461a46f4,2551,ok,
974,stala-rentovanto.info,2485,3cf360b1-d147-411d-b64f-c196230edfc3,2552,ok,
975,vela-lucratura-it.com,2486,ac3bac37-ea67-4205-afdb-8f3885ab2428,2553,ok,
977,neobitfundix.com,2487,4f4317c6-cd09-4dde-8227-458dc0217f64,2554,ok,
978,quartzflowai.com,2488,1db3b9e4-d3dc-4ea0-8280-6e438c3e9b63,2555,ok,
979,claro-finlore-es.com,2489,4410a402-5413-4ea8-bba3-b457787da001,2556,ok,
984,vedantis-coreon.com,2490,cc13ae50-7eca-448d-9870-0ec441ac5da9,2557,ok,
988,quantex-nexion-br.com,2491,a98cd9bd-f399-4d35-b2c6-2b548ebe0749,2558,ok,
989,acuta-rentovia.online,2492,15cc6c40-84a6-4e20-b78b-44e0d7be3049,2559,ok,
991,weise-sichtberg.online,2493,39f1e289-1517-43f3-b024-976ed0549043,2560,ok,
992,anlagstein.site,2494,3b510d6a-bde4-4dce-a96c-c14d2db6c7cd,2561,ok,
993,epic-lotemax-hex.online,2495,795681cd-f66a-4d09-b372-a13989f2d693,2562,ok,
994,rumbo-corevia.org,2496,abe5ceeb-6351-4c44-a9f1-24cfef711b12,2563,ok,
995,verofondavio.com,2497,7bd4fa40-3255-47d7-b8d0-d9f4e59d0835,2564,ok,
996,clara-fundencia.cfd,2498,00e8ac61-5ee9-489a-8373-51a9a24cd72e,2565,ok,
997,rolixio.org,2499,d1cfa00c-900f-4304-b9d0-a74381be301a,2566,ok,
999,hartyn-markholm.website,2500,aaefb44c-9c96-4eb9-85dc-f6bc6efc9273,2567,ok,
1000,solvo-patrimanzo.info,2501,8a8a5ec5-af88-4ac1-815f-b35c9ab2b613,2568,ok,
1001,koele-marktholm.org,2502,6b28465f-5391-4677-8235-28df55380523,2569,ok,
1002,palitelig-fluxrad-no.com,2503,1aad4072-1bb0-464f-acb6-01033887a243,2570,ok,
1004,vekst-fundoria-no.com,2504,644f6243-74ea-437c-a301-af6178744fa6,2571,ok,
1005,jasny-bitnex-cz.com,2505,70707c4b-c6ce-4d29-9e48-d437011a34d8,2572,ok,
1006,texis-finanza.com,2506,70300cb8-ba68-4189-8ab5-0076bb14b7e4,2573,ok,
1007,arditarentovia.com,2507,a2054341-b07b-4691-b8bd-626ccef39e66,2574,ok,
1008,libre-rendrive-fr.com,2508,83435b1d-653e-4bcd-b487-1d4085090cd2,2575,ok,
1009,forte-rendlieu.org,2509,6f2fee2c-32f4-42e0-a80b-cf431fbbd7ab,2576,ok,
1010,fluxivelle.site,2510,57f28bb9-2155-4bb2-93ee-8c4a3408cdf4,2577,ok,
1011,couvival.info,2511,b843de2d-7f64-40a8-b555-242eb7b8735c,2578,ok,
1012,filocranza.cfd,2512,84a6b968-318b-4da7-bd9a-0caaf667a4e2,2579,ok,
1014,saggia-mercovia.website,2513,c1e344eb-0a9d-4a91-87cd-69e971e40f07,2580,ok,
1015,large-fondrive.net,2514,65d10d31-8ff2-4ae6-8659-298f32336319,2581,ok,
1016,kapitwaard.info,2515,4f19493d-6008-4656-93f9-dd25b47bdb89,2582,ok,
1017,rijk-kapitstroom.website,2516,822c4962-f6d4-4170-82d6-56369b70ec0a,2583,ok,
1018,harmex-fondene-fr.com,2517,b4ed2eaf-ac69-4309-a62c-8f4c8c999e54,2584,ok,
1019,helmcredborg.com,2518,104f81ef-70d8-4e9a-adee-f6165d8d9117,2585,ok,
1020,gainorcapestre.com,2519,ac1d683c-e415-4774-9cb7-dedd565f4950,2586,ok,
1021,zartemarktaue.com,2520,32d9ec01-2cbd-4c78-b6c3-f9fb5ad1d685,2587,ok,
1023,hartviro.cfd,2521,887c4300-e9b5-4854-b3c8-f7031ef43ef3,2588,ok,
1024,plata-epic.org,2522,93aa9b32-46ae-4070-be00-9ca0d2b8a74a,2589,ok,
1025,likidite-kur-tr.com,2523,f110d6de-7d01-49a0-915e-e13e615b922a,2590,ok,
1026,zeltix-ai.de,2524,410ce17a-17e5-4690-9c1c-d5aa97923ac8,2591,ok,
1027,garmexia.org,2525,964a7a8f-dc0b-4c0d-80d3-1e95f84e917a,2592,ok,
1029,frissekapitholm.com,2526,3fee1214-8d90-4f16-a1fb-8cc86bbae8f0,2593,ok,
1030,btc-auraflux-v11.org,2527,0ef9bc36-414d-42ef-90d6-4194365bc389,2594,ok,
1031,pewna-skarbholm.org,2528,7c2a92a0-53a7-40e7-ace4-ade483c6560b,2595,ok,
1032,irwin-wealthvale.info,2529,3f5c8dde-a6f6-4e4c-8284-39cad72e9c0e,2596,ok,
1033,laikironex-ke.com,2530,a9d70f31-9020-4a57-ac53-1ffb019eab77,2597,ok,
1034,tyzaeranv.cfd,2531,df4cf3cd-2eb9-494b-b692-dd0d9432cfb0,2598,ok,
1035,trigow-jestheym.info,2532,1f24418b-f1b2-447d-bb58-1aa0ca099544,2599,ok,
1036,ligocu-betfandecs.com,2533,5e8411cb-ebed-4477-af82-6d18e81c0c86,2600,ok,
1037,alza-fondavikk.site,2534,68cd78c5-bdc4-450f-a426-a29ca1fc3a81,2601,ok,
1038,swap-adipex.info,2535,0b522985-a712-45bf-b635-149d939e7fa7,2602,ok,
1039,profitexa-luxeris-ar.com,2536,0acea3b0-1239-4744-8425-519ea27a0127,2603,ok,
1040,modus-sync-ia.com,2537,899c5b4c-3442-4a8d-aa64-573212afb866,2604,ok,
1041,uren-capitrace.info,2538,f510381f-6978-4b76-bb39-993e6ef2dace,2605,ok,
1042,claugentor.com,2539,67e568a6-be57-443d-9a71-27ad07daa196,2606,ok,
1043,autovestiqo-de.com,2540,c81f2104-6f48-4f5f-add2-bdf7f3db74cd,2607,ok,
1044,envol-solvitage-fr.com,2541,f3c7bc61-2d5c-4210-910b-91168221d439,2608,ok,
1045,litom-kapitrust.org,2542,d3c94fa2-58e8-4029-983e-e0f4d5390c4c,2609,ok,
1046,juste-tresitude.site,2543,a192eee1-8f2d-497b-8b6b-f671e5585fb4,2610,ok,
1047,cima-rendavio-it.com,2544,6e714788-3cb6-4c6c-b920-0d376cba0e34,2611,ok,
1048,cimaon-rendaviol.info,2545,bfabe194-dfe8-4b58-87f2-d79231880f2d,2612,ok,
1049,sobre-kapitorc.org,2546,8bd993d5-8f61-47e7-9c31-b90cf5cddab0,2613,ok,
1050,solvane-equitaux.site,2547,b1604ee4-fcd4-4145-b280-31bfefe90245,2614,ok,
1051,larven-digitholm.cfd,2548,c8b2d36a-e69e-40d0-ae1c-b2387bdfd559,2615,ok,
1052,falcon-vaultwick-ca.com,2549,8519ae4c-0686-4dd4-964f-7be894772485,2616,ok,
1053,adroite-capitorc.site,2550,15ac738a-6538-401f-b537-e92415e9edc1,2617,ok,
1054,dacvalutrox.com,2551,9778f675-7e25-433a-8bdf-17a83413cbbf,2618,ok,
1055,stille-rentveer.site,2552,e23b2583-50fb-48c0-b984-93652cbdf3b7,2619,ok,
1056,meusemarchitage.com,2553,37ae3bb5-4f07-4c71-a51f-ca375d1c9580,2620,ok,
1057,akcinea-cz.com,2554,dab9ee95-3943-443f-ae4e-b181284f3202,2621,ok,
1058,flingeverx.org,2555,ad74ef2b-f99d-407c-b297-701c497c340f,2622,ok,
1059,yalinvadelikent.com,2556,6f977cc7-32df-4e1d-86f1-394debbbf081,2623,ok,
1060,slideataraxfin-es.com,2557,ede3edd1-e487-4124-8558-7bfaca19d518,2624,ok,
1061,cryptavernix-maplequor.com,2558,7761f3fc-beae-40fb-aad0-95f51a9a13c8,2625,ok,
1062,alptrustgpt.com,2559,d3d04fb3-c8be-4b1f-975c-dd49597a3ae5,2626,ok,
1063,pointe-garanial.online,2560,a808cfaf-151c-4c88-88cd-95510a9baa6e,2627,ok,
1064,netrivexo-de.com,2561,9d6b387f-9879-4d84-b2ff-8cfc538ef070,2628,ok,
1065,fidata-capitovia-it.com,2562,d2786d6c-1c59-437d-b227-edba8d305216,2629,ok,
1066,kapitex-ai.info,2563,b0a3e0ec-fdbf-4958-87f8-4ca41da9e6bd,2630,ok,
1067,esattamercovia.com,2564,a7dee71b-b620-44bd-8f98-5b06686adc7e,2631,ok,
1068,filo-mercivolta-it.com,2565,b2f2c14e-e2b0-4384-a95b-21f1708b6f41,2632,ok,
1069,veloce-digitovia.info,2566,5ffc7696-aa90-4aba-81b3-aa1b9f05f64e,2633,ok,
1070,segno-opzivolta-it.com,2567,3f7fcc80-b998-444d-89c5-43ff5de46716,2634,ok,
1071,genatrix-ai.online,2568,cc34ef27-60e0-4888-b298-fed55e7045bb,2635,ok,
1072,leirendwiel.com,2569,a0653cf7-cc9d-4245-bd92-5a551ccfdc5f,2636,ok,
1073,rumo-capitovenca-br.com,2570,ef74b642-8e66-41b5-bb0e-19aeead1e5c1,2637,ok,
1074,digna-fundancia-pt.com,2571,168496f0-7f4e-481f-ac30-443cedd0860d,2638,ok,
1075,icrypex-ai.com,2572,bcda4eba-84c7-4924-b425-631afc25297b,2639,ok,
1076,fidelux-fintrivar-fr.com,2573,1c5c8a5e-4fa6-4b42-bb1f-c94c2b17924b,2640,ok,
1077,polynex-ai.com,2574,76988be6-5c2c-47db-9636-927d09488fe7,2641,ok,
1078,auric-lendmere.online,2575,55bd84b2-e707-449a-96df-f62d4c7d767d,2642,ok,
1079,reefrendforge-za.com,2576,9b1c8612-a2cd-40a3-aa96-95b18e2c72f0,2643,ok,
1080,profitivo-fundexo-ar.com,2577,4717f032-950b-47a7-9120-6a57ba0e66f1,2644,ok,
1081,dolu-yatirimotiv.org,2578,7c2163d1-62c3-4238-83e7-c5bf33480c24,2645,ok,
1082,claro-rendolux-es.com,2579,95682bba-077b-4983-ae60-e253fb25e0c3,2646,ok,
1083,surete-valflux-be.com,2580,ec593891-2c3e-4e65-b491-caba506d22f0,2647,ok,
1084,vasteinvestene.com,2581,6ba8558a-a7b1-4ff6-ae4f-ab8c9828ab6f,2648,ok,
1085,veravexnilo-de.com,2582,9055997d-db16-4ace-a055-78304c0decda,2649,ok,
1086,ravizio.site,2583,1bbb6b8a-fb6e-4f8c-b564-68b96e9058dc,2650,ok,
1087,swapoire.online,2584,72e05497-6d73-4fa7-bf0d-d6b9f1478da3,2651,ok,
1088,solide-rendval.online,2585,a58bda2f-09c2-43d5-9ae4-259524822209,2652,ok,
1089,zinovir-cenomira.com,2586,41a1cab3-0e6e-46d6-8477-dad010768a2f,2653,ok,
1090,dolu-yatirimotiv-tr.com,2587,b4bf96db-5a2a-428d-a51a-5109e1164a99,2654,ok,
1092,keldmarkstead.com,2588,a1bbc170-5c72-4861-bb4b-75b11ec9a4e1,2655,ok,
1093,total-interesor-es.com,2589,95e33993-619b-404c-9084-3011b718b548,2656,ok,
1094,zekeresparholm.com,2590,f2cf8ecf-3e58-48a4-bd7f-2df046c0a856,2657,ok,
1095,klar-rendbach.cfd,2591,048eded7-6868-4c70-bd03-7fac6e9b8aaf,2658,ok,
1096,pololucratura.com,2592,d16d62a4-51ac-449c-80bc-5974018c862e,2659,ok,
1098,fernly-vaultmere-nz.com,2593,37623fcf-d740-47dd-b638-a4b9960ba544,2660,ok,
1100,vita-kreditovstvi-cz.com,2594,f698ba07-dbb0-4781-bada-576791518c91,2661,ok,
1101,bistech-ai-tr.com,2595,1eafa84e-0d34-45b7-8531-066515001ee1,2662,ok,
1102,trade-desco.com,2596,1d5f068e-10db-4869-95e3-ca8443d6b9f0,2663,ok,
1104,lelixio.online,2597,6417d73c-4677-4565-a456-242951a4d480,2664,ok,
1105,fondaviu.net,2598,e16b0898-78e1-44a8-a858-3f1ff0dadda2,2665,ok,
1106,progresso-finixa-br.com,2599,c22b07cb-f325-4363-9b45-d32b70015d8d,2666,ok,
1107,ardenne-welvance-fr.com,2600,01feea75-0534-4009-a37d-f53729ae6780,2667,ok,
1109,placenciere-ch.com,2601,2e54b0e4-e969-4c1f-87f9-1dab2ece9a7b,2668,ok,
1110,spate-rendthal.online,2602,61699be6-4b8e-46cb-98e9-1054da8e919f,2669,ok,
1111,antrieb-nexora.website,2603,06bf961f-9336-4835-b4b8-375510884a20,2670,ok,
1112,lyndyn-wealthmere-za.com,2604,0d85bfdb-9308-4261-8733-df013669f6fd,2671,ok,
1113,clar-rentoise.online,2605,7c041775-e8ee-4fd8-a121-c2cdb8eeb4f9,2672,ok,
1114,cap-dividaval.online,2606,77765e23-8069-4a0e-931f-fde75c2a284c,2673,ok,
1115,brawnrendvale.com,2607,e5a8b819-7ff9-4e96-8f71-c6bae140d573,2674,ok,
1116,bour-capiteve.info,2608,945171a8-5c73-4bf2-947e-e722b15c98b6,2675,ok,
1117,qytheravion-luxendralis.cfd,2609,f5f5f1a6-a754-4838-9c20-8a91de984b39,2676,ok,
1118,steinberixkapital-ro.com,2610,cf8153ed-0a60-4d4b-b982-3c877edae9c0,2677,ok,
1119,faltorex-ai.net,2611,641c5d09-2601-44ba-ad7a-05486ebb9630,2678,ok,
1120,solven-aurmere-ph.com,2612,948630bb-685a-4d24-a8f8-61384981a180,2679,ok,
1121,guldvikrendholm.com,2613,e99557dc-7310-435e-a7d8-250894a83dd4,2680,ok,
1122,keld-digitholm-fi.com,2614,68a9c65e-cd7c-4b12-bfe7-9b47b36c7403,2681,ok,
1125,kotlina-veltena-pl.com,2615,b677f7ca-f04e-47cf-8055-dca2541a2232,2682,ok,
1126,scalevectorxr.com,2616,86ea729a-bde4-4dec-87ed-448bd4f1f6b7,2683,ok,
1127,helix-vora.com,2617,e97e58de-023d-40d8-b9d1-6c13418b7f39,2684,ok,
1128,garnet-vaultmark-ca.com,2618,07ec012e-b42a-456d-8792-37f08f4f12d1,2685,ok,
1129,ridgeline-bondvale-ca.com,2619,c2fca2d1-eac4-4fda-a0e1-8466408f6ef6,2686,ok,
1130,solvecto-it.com,2620,b7e7ba56-0df9-499d-86dc-8aad4e3fd8ca,2687,ok,
1131,solvecto.online,2621,84545f2a-43cf-4602-b84b-32737a38983f,2688,ok,
1132,solvecto.site,2622,0c6143d2-6fa3-4be3-a9a9-05bf586a1908,2689,ok,
1133,aegivex-it.com,2623,515863af-61e8-4ec3-befd-0509c9bce49a,2690,ok,
1134,aegivex.online,2624,c27a0890-9594-4d2d-a4c5-eb5537419f0b,2691,ok,
1135,alvorendheim.com,2625,32c7890c-aa9b-4fb7-9af3-b8d27191e9d9,2692,ok,
1136,thalen-equi-bridge.online,2626,fc65acee-dff1-48b3-aabe-ac444b8334ab,2693,ok,
1137,stone-credholm.info,2627,d6eedaf1-e8c4-4553-9826-5002f934b974,2694,ok,
1139,command-placance.online,2628,be13e988-52fb-4030-ad94-8e56b424a550,2695,ok,
1140,saine-kapitvere.info,2629,5776bbb7-66cb-47e6-86ba-3daa29f2422e,2696,ok,
1141,synergie-quantique.com,2630,4cb31ea7-9462-46b9-b815-aabb768f5169,2697,ok,
1142,kovrenfeststein.com,2631,88b53751-0344-43fc-b6ad-dcf13ffb6332,2698,ok,
1143,starkzilveck.com,2632,f032fb1b-e9f2-4197-b108-ed3cdff0085f,2699,ok,
1144,pura-mercadea-es.com,2633,5f24c8ec-9d16-4bed-8622-8d8d071d1d8d,2700,ok,
1145,bron-kapithoek.online,2634,6fad4a1b-d51e-43a3-830c-8e1120a88f64,2701,ok,
1146,sternwoldenz.com,2635,a9ad86fd-73f5-4d7f-9cb6-a3316ab21b43,2702,ok,
1147,gravencreditvale.com,2636,fa7c0704-9356-4650-9a9f-d05f76715d04,2703,ok,
1148,immediate-core-tr.com,2637,f25f533b-049b-42b4-9baf-2364a8b12c59,2704,ok,
1149,macro-filenzo-it.com,2638,4d83b457-b252-4c67-beb5-5ce3445ea2ee,2705,ok,
1150,profiral-castenov.com,2639,0e2e4855-053d-4d48-9c8f-e474ab0a61a7,2706,ok,
1151,klarvermento.com,2640,6d396b96-59f4-4694-8add-b05a5c46b044,2707,ok,
1152,kruxprofitaru.online,2641,8c034dd8-e260-42da-8337-941ab17bcf8c,2708,ok,
1153,tipta-yatirimlar-tr.com,2642,6f854cc8-f898-4cb0-8a56-c199b4a5ecce,2709,ok,
1155,vynoron-cz.com,2643,b27690de-a829-4859-a898-2d34b8315aea,2710,ok,
1156,hlaerx-ai.com,2644,a2eae4bd-a3c6-4162-af99-8479a973efa8,2711,ok,
1158,crest-bondworth-ph.com,2645,48537064-dc5f-404b-a2a4-816ee8d2aa1e,2712,ok,
1159,justa-solvendaria.online,2646,56222c50-a8ed-4c1b-bc88-68fb8856c4bc,2713,ok,
1160,rozvaxis.com,2647,d69ab0e3-91e6-478f-9da3-d4e8c0f6d915,2714,ok,
1161,rozvaxis-cz.com,2648,97c48f34-2df8-47eb-b922-92059a09150d,2715,ok,
1163,tropics-gaingro.online,2649,a396ce8e-bb47-40ce-b73c-39a2b98818aa,2716,ok,
1164,adelfinlore.com,2650,6b43422b-6c26-40a3-b242-95bc7e549575,2717,ok,
1165,borsa-ai-official.org,2651,fa5ba88d-cfc1-4b79-b392-a8e7fccd05ad,2718,ok,
1166,palekestmark-ie.com,2652,c059f90c-afea-46d5-b495-f85681128c74,2719,ok,
1167,dristigfondvik.com,2653,24ce9ead-c45e-49f7-b205-c8920ee3153e,2720,ok,
1169,cervin-boldesse-ch.com,2654,890101ba-a2c9-4e70-b0d7-c16b7f2f49af,2721,ok,
1170,nova-azurix.com,2655,11e17326-f015-4c99-96fe-f72d2f4fefae,2722,ok,
1171,timber-bondmere-ca.com,2656,29b4c235-ec3e-4eba-b194-a138d554db91,2723,ok,
1173,alta-fondavista-es.com,2657,bdb78d2c-1f55-474c-9976-f202f39437b5,2724,ok,
1175,snap-cormax-sys.cfd,2658,a1b3269c-eb4b-49d2-9df3-8aa4a15541b1,2725,ok,
1176,vivo-lucrancia-pt.com,2659,f1096ec7-3211-4fa1-8b74-ded0be97abc9,2726,ok,
1177,biegladigitownia.com,2660,54a19e05-3b27-499d-8ba7-c618f90da029,2727,ok,
1178,prismvestlund.com,2661,95e5823d-1bc9-46b6-bb38-4eaa21750895,2728,ok,
1179,albion-capitholm.info,2662,1f413ecc-a123-4811-8a74-32e089e2b91b,2729,ok,
1180,acuto-rendavento.site,2663,c91e60ee-d40b-49bc-8b68-a7519f6d10de,2730,ok,
1181,flarex-400.com,2664,42324020-9463-4d52-8699-3291f27bf3d9,2731,ok,
1182,brzdheim-mintex-cz.com,2665,09d4987a-6a56-4f7b-80b6-bcfb3fc9b531,2732,ok,
1183,aurea-mercovia.online,2666,80add009-ac09-4ffa-bd3a-8ab4fa05acce,2733,ok,
1184,syn-thalora.com,2667,105e29be-5e3d-4287-809f-ef366c96a9b1,2734,ok,
1185,bravo-fondencia-es.com,2668,f931dd54-a695-4253-9a49-cac5828b91b9,2735,ok,
1186,bohem-vynotrek.site,2669,4a79ae2f-be00-45b4-88f1-d1d1aec2f762,2736,ok,
1187,claren-wealthvale-za.com,2670,4ed14574-626a-4769-a463-0653e7815b0f,2737,ok,
1188,alta-propancia.cfd,2671,b49da581-e2c2-43e7-9ef6-8f7dbd2ba99f,2738,ok,
1189,clara-fondancia-pt.com,2672,e4ba9d6f-e184-45e9-968f-8bbf495e6a6e,2739,ok,
1190,verd-capitencia.com,2673,79e1b836-72c4-432d-83b5-face191e7aee,2740,ok,
1191,vasto-cambiante.info,2674,72f52dd4-f87b-4390-80fc-bb8e42f705ee,2741,ok,
1192,palma-rendario-pt.com,2675,18396c7b-8d2f-451d-9cf6-fbba0a284bd4,2742,ok,
1193,mayfair-vestrion.com,2676,2ba64460-6065-44c8-8b94-7c41f2de226b,2743,ok,
1194,libre-mercenza-fr.com,2677,1e1fb3ad-1244-4c59-8289-dcd66a4e2996,2744,ok,
1195,snel-marktheim.net,2678,2183623d-1bef-44df-859a-ccf221198d9d,2745,ok,
1196,fond-rendeval-nl.com,2679,4aa07008-6a47-42cb-9f1a-c4a36394d95e,2746,ok,
1197,hauterendemis.com,2680,472cad42-c6b4-4fe1-8bfa-016d6753004e,2747,ok,
1198,zareinvestek.com,2681,8da3fce0-14c2-4aa9-b0d5-ef3da86512fd,2748,ok,
1199,nodo-patrimonza-it.com,2682,52911d76-8172-4f82-a4ec-5cdea5b1ebfc,2749,ok,
1200,sto-borsvoll.info,2683,3820ab9b-660c-4e86-abea-cc4605915e77,2750,ok,
1201,kapitalbro-dk.com,2684,c7e5229e-bf8e-47f0-a9a7-bfda30715067,2751,ok,
1202,gilt-fundgrove.net,2685,a26bdcae-77df-4142-851d-bc7e6f4dea02,2752,ok,
1203,holzkapwerk.com,2686,ad4d07fa-970a-425d-9ad0-1a40d0233574,2753,ok,
1205,puls-activenta.com,2687,a1fc6bd0-a9ad-4637-a8ba-aaac21fbf481,2754,ok,
1207,svetly-kapitek-cz.com,2688,dbd6b52a-d1e6-4464-bd98-052a5ce2d639,2755,ok,
1208,plenocaudenza.com,2689,73c3cefb-6220-4d24-a28a-f68fe4039fa1,2756,ok,
1209,justabolsarente.com,,,,error,The read operation timed out
1210,nord-ecoancia-pt.com,2691,0de022ab-8daa-4e96-ac96-63430e396a4f,2757,ok,
1212,luce-crescoro-it.com,2692,8d98e7e1-9d28-4c5d-963d-0610a26a4d22,2758,ok,
1214,turo-invenza.online,2693,b2db2053-32ee-4920-80cb-413b48e03360,2759,ok,
1215,ferro-valdenza.online,2694,16183a00-0c10-46d5-b8f5-aa526b50f7e5,2760,ok,
1216,briand-monteve-fr.com,2695,004e08f0-5faa-482c-9539-bb45c4f40a96,2761,ok,
1218,kernzinsverd.com,2696,1451cb45-0fed-457f-a99e-f1c3904c676c,2762,ok,
1219,noble-fundaven.online,2697,72e52e4e-7617-4eae-9ef0-a2ba96b81f1c,2763,ok,
1220,forte-fondeza-br.com,2698,a42cf881-2faf-460d-98cc-5d81411119f4,2764,ok,
1221,indigo-vaultex-in.com,2699,658d88e3-a595-4125-b3ae-df3a8481a702,2765,ok,
1222,adroitekapitport.com,2700,a2a52203-8010-479b-9dba-11186bdb9093,2766,ok,
1225,hochvermenz.com,2701,d27beb00-ae9e-4bce-b016-37601657cb66,2767,ok,
1227,srebro-kapitark.site,2702,8b635a08-2292-458d-8186-4d099f367ca1,2768,ok,
1228,finavoltrez.site,2703,b5b728d8-3fcf-4753-96f9-6c2ab2c15769,2769,ok,
1232,novionis-patrimonix-ca.com,2704,580ccec7-5baa-457c-91ff-0fa163438041,2770,ok,
1233,vive-placoire-fr.com,2705,ade6b29d-0ce8-4104-946c-93981b4fa537,2771,ok,
1234,borsektron.online,2706,af0bc40a-6e14-4276-98aa-4b90d3e50639,2772,ok,
1235,noble-fortange.site,2707,719daaa7-5c80-483e-9795-ea69be2fb911,2773,ok,
1236,crest-fundgrove-ca.com,2708,421bf3b4-a447-4065-9c3b-4e4a0c710764,2774,ok,
1238,quantrex-nexute-ar.com,2709,ccbc5bf8-e812-456d-93b2-b6c626a19ef6,2775,ok,
1243,zenne-winstholm-be.com,2710,e07a6d33-01fb-4bbc-9fef-d831b8065434,2776,ok,
1244,rouet-montivoire-fr.com,2711,ebde4e18-6e09-4121-aef0-56c22e964ae1,2777,ok,
1245,vivace-portdex-it.com,2712,20aa0572-d260-4012-a1df-e954e724ea3f,2778,ok,
1247,sermazade-tr.com,2713,80001f2d-6735-413a-8078-b22b4dff1019,2779,ok,
1252,apice-cifrova-pt.com,2714,80f79183-31af-44a2-9305-262f936cb355,2780,ok,
1253,largo-profittanza-it.com,2715,c3a6fac3-ab91-4fe9-9b7e-93457f798d76,2781,ok,
1254,profitex-finverio-pt.com,2716,8ab1d527-22a1-434d-9c64-7a64eb724b81,2782,ok,
1256,ondaverita.online,2717,66052b41-551b-4ef7-a2a9-0d179da14bbf,2783,ok,
1257,faro-capitoria.site,2718,927f9b9b-3cdf-4c1e-a082-7803149660d5,2784,ok,
1258,fest-kapitern.info,2719,02b7ab89-a18c-48e0-a6e1-dcf4d2a1c782,2785,ok,
1259,argentix-capital.com,2720,8d66512d-c2f4-478e-8980-b5d3bfa57109,2786,ok,
1260,feliquantex-official.com,2721,711d628b-f6a9-46c5-97ba-407bc4b63adb,2787,ok,
1262,pevnafondirna-cz.com,2722,b6e3eef7-5c40-4d5d-aff1-4883a59ecfe4,2788,ok,
1263,cuspide-finoble-es.com,2723,15423b84-7df3-4900-a2eb-915f17ebc0e4,2789,ok,
1264,ricca-walorawia.com,2724,36fe5b1e-7275-4cbd-81f2-a74d60863581,2790,ok,
1265,agungfondholm.com,2725,456e8ea2-2705-4c66-a97a-373534268b14,2791,ok,
1266,rynexo-ouro.com,2726,6c8d08d6-f5c6-4275-9c00-c0f5fdc93703,2792,ok,
1267,terrelucronde.com,2727,95905bf9-fce6-4020-94db-7c7293ec9977,2793,ok,
1209,justabolsarente.com,2690,fc33779c-5bc8-47bc-b704-a7a1042917ff,2794,ok,
1268,tiglio-fondore.online,2728,40ab76fe-89de-4459-a5dd-fca2cbb63c41,2795,ok,
1269,cosmoredivanza.com,2729,569fae98-0ca4-4048-92e1-11eb236c78b9,2796,ok,
1270,kapitalden.online,2730,ed40a36f-1fdd-438c-ad7a-5fcbb1ff8816,2797,ok,
1271,fortna-wertis-pl.com,2731,883740c7-526c-49ae-8ea2-b2e640d305da,2798,ok,
1272,soleil-capitence.online,2732,525e1c40-2b87-4a37-96b3-531fcf8b3c45,2799,ok,
1273,vive-renduance.online,2733,109e0b11-d180-4bbd-af0d-b1c209511987,2800,ok,
1274,fermeinverance.com,2734,dd433a8c-8fb6-4c8b-8b8f-f0eed0432b60,2801,ok,
1275,lounrus-profit.site,2735,4a8cf966-c84e-46a6-8fee-6f87fc635fee,2802,ok,
1276,talon-wertgrove-ca.com,2736,3bef1f9f-4964-45a8-9345-f2df1f6f542c,2803,ok,
1277,leal-lucrivado.online,2737,b6e9003a-8d39-4e4b-ac23-65b8fb447162,2804,ok,
1278,zentura-ki-de.com,2738,6b4f947d-f7de-49de-96f3-fab8c06388d5,2805,ok,
1279,borealcapitence.com,2739,d0c65a1e-a15e-4d45-8bff-04f70c15ab50,2806,ok,
1280,quantunix-ai.online,2740,48e118af-9b48-4a9b-8e6a-d5b66a0191cb,2807,ok,
1281,belvue-capitange.com,2741,5bb2e515-523e-453e-852b-3bab7ff5b04e,2808,ok,
1282,rivelixio.site,2742,79951ec9-89b1-4038-9ce3-64b1c71a0e8a,2809,ok,
1283,forte-noveranca.online,2743,c2b27b86-fb40-44ac-aacd-983784013246,2810,ok,
1284,vivace-capitanza.site,2744,413bc43f-4d63-4275-be4a-6257d149768c,2811,ok,
1285,ravelizio-it.com,2745,71eb05f3-f721-4d25-8672-c1c98cb5e887,2812,ok,
1286,pheira-voltreksc.com,2746,4d8f969e-35b9-4e00-b15d-723689d00b93,2813,ok,
1287,argento-luxeron.site,2747,70f0c3fe-b4e7-4def-9570-92cecae72fa5,2814,ok,
1288,forte-rendovale.online,2748,ac60ef1a-23c5-4f69-8ab7-a34ea7437df5,2815,ok,
1289,reef-patristead-uk.com,2749,e82e94c3-9877-49ba-b3c2-a34e9d6bac11,2816,ok,
1290,moldonexio-md.com,2750,eac5d420-5cc4-45ec-9c7d-9bdbbcc004df,2817,ok,
1292,prismekapitect.com,2751,e5289ca5-ec6f-47a0-a941-408047806c0b,2818,ok,
1293,rend-kapitoor.online,2752,e0b5de34-6191-4e12-a669-7f4610f02e99,2819,ok,
1294,blitzkapitenz.com,2753,4c6e85b7-2fb7-41aa-b8f4-dd58fdf7f612,2820,ok,
1295,stark-vermolt.online,2754,7f6e59b7-ca77-4e0f-bde2-537083391bfd,2821,ok,
1296,digue-kapitange.site,2755,1c4cd6b1-21cf-4e22-ba5a-55ef5cbbcff6,2822,ok,
1297,riktborsmann.com,2756,831e62b2-83ab-4d72-90fc-62cb96bf72f6,2823,ok,
1298,opole-zyskvexis.info,2757,90123f94-1389-4df2-80a0-430b76564f46,2824,ok,
1299,branche-rendalie.info,2758,dca5867b-058c-4f53-8478-08a9673f911a,2825,ok,
1300,chiaro-valzenza.online,2759,109f675d-3139-456d-b5c3-e600d171c113,2826,ok,
1301,salda-titolvale.site,2760,e283aa5e-0a0d-4e0a-982b-2b1ad9ded320,2827,ok,
1302,mirto-fondavale.online,2761,f9b9a19b-811d-4371-a3b3-b2565e539f9c,2828,ok,
1303,thalvexor-quintralis.online,2762,8cf1d804-3e32-42fb-a9a3-b80edb09e93f,2829,ok,
1304,viso-fondavia-es.com,2763,aa21f6ce-4a8f-4ab2-b9dc-df94de8f1727,2830,ok,
1305,delyron.site,2764,3b3d3f75-9481-4837-b8d4-37c692f91c05,2831,ok,
1306,alpina-competitive.info,2765,749d2aad-4abb-46f7-82b1-64ae52d247e1,2832,ok,
1307,brume-investelle.online,2766,3c7973d3-8508-43c7-ab65-83451f8419c4,2833,ok,
1308,vento-guadovire.online,2767,e8e76fcb-c591-40ab-a483-1a27658e4990,2834,ok,
1310,sobre-rendoire.website,2768,e381e474-5dc7-4e92-a733-ffe82f61925a,2835,ok,
1311,profitenzo.site,2769,79527f04-1265-42a3-845b-7332bd3cfcca,2836,ok,
1312,vkladoria.site,2770,79dd57f1-67ea-47fd-9397-a0781a984ddb,2837,ok,
1313,vltava-rendavik.cfd,2771,be932fed-db2d-4fb6-92d1-04d14be844fc,2838,ok,
1314,rivelixio-it.com,2772,339d4b14-08bb-4735-ac2e-939f32473ebf,2839,ok,
1315,capimex-gpt.info,2773,a15436ca-940e-4cf0-a84b-138e7f3d992a,2840,ok,
1316,ravelizio-ufficiale.com,2774,8df5d8ae-6c36-4d01-8fe0-2f4886516fe0,2841,ok,
1317,algo-blaze-ch.com,2775,f455346d-663a-4a34-8db6-f7e61227ec07,2842,ok,
1318,polverix-pro.com,2776,b45585bf-c037-4c0a-a982-0c4d35001c02,2843,ok,
1319,vive-lucroire.site,2777,d2be9265-2def-4f3c-9698-bfb09e60c3ce,2844,ok,
1320,puls-zinsveld.online,2778,12af0675-e1b8-43fd-8ebc-0eced4e368bb,2845,ok,
1321,klar-trovenz.site,2779,f6bf2231-25bd-4c77-a2cc-a724dd0ceb6e,2846,ok,
1322,kernkapithal.com,2780,6d1c4480-ee52-48ed-b26e-b05186d5fb31,2847,ok,
1324,noyau-modevo.online,2781,08a13d17-a51b-4e57-80d4-5bda2f6f2c4f,2848,ok,
1326,nido-capitorio.site,2782,d83003d7-62c7-4b66-8465-bd7062c7e5cc,2849,ok,
1333,finoinversoria.com,2783,70cb0c06-821e-4b3d-91d3-647504087683,2850,ok,
1354,sabia-rendaforte.site,2784,c5f91f75-faf5-43fd-855f-5d3c598d2d94,2851,ok,
1365,luce-guadanza.site,2785,63f073ba-26a2-4fb8-84bb-f8656de19cb4,2852,ok,
1374,walutnik.site,2786,75d15137-0de5-4ac4-8db0-8deb769f4410,2853,ok,
1444,swiftgatemontark.online,2787,94749adb-d372-49cb-b33f-ecece503392f,2854,ok,
1457,abertodepositian.com,2788,13ce22fc-c1a8-4003-ba37-f477fb65f7e6,2855,ok,
1471,brzina-portalis.net,2789,899f139e-9cad-4f54-b17c-4058dfb321a7,2856,ok,
1472,iberra-capiver.net,2790,764d15e9-9bd2-46ad-8151-5b2464b1ba80,2857,ok,
1473,rett-avkastheim.org,2791,c1859069-9def-489c-8fe9-aef4200c5232,2858,ok,
1474,rewsane.nl,2792,de3dadad-52fb-4a8f-a30e-c2bab505a835,2859,ok,
1475,cumbre-patrieza.org,2793,f9a3a04d-5a4a-477a-94e8-a48ceb531729,2860,ok,
1476,escudo-vaultaris.org,2794,6182de88-0eb9-4723-bf22-2121d2aa0366,2861,ok,
1477,smernatovinzip.nl,2795,5150a4c3-da75-4271-b0c1-bc37e7316bbb,2862,ok,
1478,staly-usporin.org,2796,51102aa4-3619-412a-8393-d8da187dea56,2863,ok,
1479,vrijedtek.org,2797,86c59dc7-2fb0-44f3-a10d-e01a29c4628a,2864,ok,
1480,bitcoin-profit.site,2798,2aa8253e-7dd3-4a30-a26b-33e147a51412,2865,ok,
1481,touzilux.uk,2799,c3c357c2-3692-45fe-a21c-86d2b239961a,2866,ok,
1482,stuwenopulex.org,2800,6070f503-ea37-433a-9057-3764f6307cb5,2867,ok,
1483,instant-imitrex-ark.org,2801,57a1dbdf-57c2-4858-85ff-cf0bde7663f3,2868,ok,
1484,mont-activoire.org,2802,709662ef-a792-46ff-9bff-7544c4c84d6c,2869,ok,
1485,pronexzola.org,2803,4c7a45bf-2c1c-47ee-8683-6bf95d29acc3,2870,ok,
1486,firme-valorian.org,2804,426967e3-5298-476e-83a4-34cf5313b9ef,2871,ok,
1487,pilar-finrevoux.org,2805,7d27072a-ddd2-4d10-9d9c-b7e5514d6d49,2872,ok,
1488,precis-actifance.org,2806,c667751a-c774-4eda-ab2e-38cea8712aeb,2873,ok,
1489,infini-crescore.fr,2807,1f1f0fe5-a979-4e9b-ad54-e33d158ea924,2874,ok,
1490,trygg-bitrow.org,2808,67981d29-850e-4693-87e6-f066ceb7f829,2875,ok,
1491,alza-bitmarea.org,2809,787b869b-eb90-46a1-a63d-af48f4424e3c,2876,ok,
1492,eixoco-inthium.org,2810,d0368b18-4df4-450e-8a67-ba21c920c441,2877,ok,
1493,kefalidraxa.org,2811,d6553f03-97c8-4891-a3d3-bbc5bd12ef0c,2878,ok,
1494,firmeza-vaultaris.es,2812,73aadcc4-a120-49c4-8b67-02061e5acf54,2879,ok,
1495,infinity-bitwave.net,2813,afaf74f8-153d-4428-9e9c-00265ba13d54,2880,ok,
1496,frame-avage-lab.org,2814,1a273303-0595-4113-8606-09138dfec589,2881,ok,
1497,criptodorado-ai.org,2815,fefcb665-4d9c-4d41-98b0-5a7329afa042,2882,ok,
1498,rivonexisa-pro.net,2816,d5002f1c-f36c-4353-8a2b-75bdb53fd047,2883,ok,
1499,sommet-capynex.fr,2817,582a1aa2-fe49-4633-bf31-35cc66147482,2884,ok,
1500,quantex-italica.org,2818,19a232af-5095-4da3-935a-d1f1e2f35102,2885,ok,
1501,monetrioxil.org,2819,40384262-3015-435d-856c-26fee3977bac,2886,ok,
1502,cresta-yieldor.org,2820,65d82c59-9452-40b8-b28a-4454c2b9b646,2887,ok,
1503,lucroai.org,2821,70ffb14b-3db7-4dfb-a046-e061549ba353,2888,ok,
1504,apice-nexcore.org,2822,d8b8c1e9-149e-4738-ac8a-545854c023b2,2889,ok,
1505,campo-borsante.org,2823,ca0e0a4a-5d16-42e3-a0e8-b48b556d0eba,2890,ok,
1506,vantaxio.net,2824,247b049d-56d8-48b5-a60f-62bb05148cf1,2891,ok,
1507,corsa-valtaris.net,2825,7304bc3e-fd43-4628-90c9-839d05350e3a,2892,ok,
1508,cumbre-valtaris.es,2826,277085fd-50a6-46cd-a764-a8c04a3fc013,2893,ok,
1509,itanoweltrix.org,2827,616b860f-9443-4bac-99ff-a81c7af385a9,2894,ok,
1510,investhelm.org,2828,ff4797fb-2a95-4220-a5ca-8bc16348d949,2895,ok,
1511,safe-finvics.org,2829,e0456146-3bec-4658-82a2-b9b077f274f4,2896,ok,
1512,slide-avonex-400.org,2830,2dc9b34a-c348-4d50-aa72-ce935e36db2f,2897,ok,
1513,czprobitai.cz,2831,09816137-b730-4631-aa32-34d0882c11f9,2898,ok,
1514,virtexai.org,2832,b377f829-82c1-4eca-a163-ddb8405e6125,2899,ok,
1515,quantex-espana.es,2833,a65fd73e-49a7-441d-9bcc-c20dc78ece96,2900,ok,
1516,sterk-vermhof.org,2834,61f3ad94-b5c8-403e-b0be-60fdf4ce9dce,2901,ok,
1517,bestandigkapital.org,2835,0b409e4d-9909-431f-9e9d-b931e18b3c97,2902,ok,
1518,virtexio.org,2836,7e43a2c5-713c-4d1a-b27a-4bf529d14612,2903,ok,
1519,axel-ascentor.net,2837,42cbc9e7-9ab4-4543-b622-5dada8b4dac0,2904,ok,
1520,valoro-vantoro.org,2838,51e10f49-0eed-4922-afce-fc23fe36b0ec,2905,ok,
1521,immediate-zenx.org,2839,684dce6e-e235-48c2-9f38-31e5ffb9163a,2906,ok,
1522,kumbre-up.org,2840,156b7e0f-8b26-4f98-b425-470ba1357fbf,2907,ok,
1523,varf-evotradex.ro,2841,b12e77a3-d460-4517-8f4e-677fefc04816,2908,ok,
1524,nov-kapitvik.net,2842,375a7e1b-d866-4091-98c1-150b65a9b7a6,2909,ok,
1525,ascesa-finport.org,2843,67d86f7c-7ac0-40b6-86a6-e6a5f9af77f0,2910,ok,
1526,bekan-lir.net,2844,f91ba30a-a866-47c0-a950-ab1b24445d51,2911,ok,
1527,tezerdeskai.de,2845,3945225d-a64c-4c2a-b99a-fda7e7cf8a8b,2912,ok,
1528,rimac-ai-wealth.net,2846,5be21e55-6b2c-4d04-b2de-e69b574d60b8,2913,ok,
1529,track-avapro-nx.org,2847,cc609a5f-db34-4ea7-aa17-7190ac527554,2914,ok,
1530,sigurno-bitdex.org,2848,6931d005-c72e-4d94-96d5-d8e010839f21,2915,ok,
1531,axorin-dexo.net,2849,abc2942d-e1f5-4b17-aed5-373bc6d49654,2916,ok,
1532,fondo-avance-tico.org,2850,bd1b3e27-ac4f-41ba-9dc1-aea4c78f4bb5,2917,ok,
1533,quantex-croatia.org,2851,37524c4d-0549-4102-b226-1be14ea3d84e,2918,ok,
1534,noble-paycore.org,2852,6fe7b18e-62ef-4eae-8234-e159e29f8e0e,2919,ok,
1536,stream-axid-hub.net,2853,0e72e22b-fd9e-4fca-bb61-a12885597c6c,2920,ok,
1537,repsol-invest.es,2854,757a1b6d-61dd-40b1-8e57-a66cdeb74a14,2921,ok,
1538,bizum-ai.es,2855,e9a05f63-382c-4197-846c-a522e872994e,2922,ok,
1539,rylmextron.org,2856,b9fc5075-9032-4d4f-a870-2049f86290fd,2923,ok,
1540,monslead.net,2857,945adceb-325f-4b7d-92b8-21f45cc92c31,2924,ok,
1541,vasto-fondizia.net,2858,8eb838d9-8630-4e6e-b3a6-c83deebc0d1f,2925,ok,
1542,goldspire-cylor.org,2859,fecfe074-28a7-4dce-9910-e934cd65c1e2,2926,ok,
1543,vertulogic.de,2860,f6d750b2-9483-426a-b9dd-99cf46966d44,2927,ok,
1544,faelominomexi.de,2861,ed66006a-8db6-4649-b915-54bcf170e2bc,2928,ok,
1545,isk-fintrion.org,2862,da317ff0-2eba-464e-82cd-c6faafd31d67,2929,ok,
1546,lobarunex.org,2863,3b908b71-7fc7-434a-b8f5-bd3b0f0a8192,2930,ok,
1547,sendero-invion.es,2864,60e5619e-cfac-4658-9a5d-84ee962f9e87,2931,ok,
1548,nexo-valdexia.es,2865,e8771580-c6f2-4380-a255-af524bdc562a,2932,ok,
1549,prestigio-luxvia.es,2866,fce7a1b2-1dce-46d7-af0d-7787125c361c,2933,ok,
1550,curat-patrimoix.org,2867,3f852249-f5fe-4b22-8b99-cfce0d9e7cbf,2934,ok,
1551,indexance.net,2868,3f01d128-41e3-4271-82de-4599f017351a,2935,ok,
1552,velocidad-luxten.es,2869,f200a045-75b3-4abe-bede-125895eb1bc0,2936,ok,
1553,val-fortunance.org,2870,38802bed-b877-4359-8baf-5966e3a7eedb,2937,ok,
1554,csucs-vexaris.org,2871,aa5dcde6-de9b-4d0e-8376-cfd6c8e4c57d,2938,ok,
1555,cumbre-nexoris.org,2872,2bffe3d1-e09d-4574-8f98-d7e75b12448d,2939,ok,
1556,impuls-finrevo.org,2873,e2cea99a-e1ec-4a73-bf40-e6a8b7cf60b4,2940,ok,
1557,boost-inomax-500.org,2874,f062fed0-1311-4646-ae45-7aed7c58950f,2941,ok,
1558,kamen-luxeris.cz,2875,11bfd6e1-c8fa-4227-a3d2-9bb1e64412d7,2942,ok,
1559,stream-cormax-sys.org,2876,bcb3bd8b-c02a-4a96-a58c-dae7afa27d2c,2943,ok,
1560,sentiero-dexlink.net,2877,1c79a64b-f6bb-4835-b301-6bc19cac4301,2944,ok,
1561,neural-forge.es,2878,e61eb49f-6a25-4809-8ddf-f19ba9f53565,2945,ok,
1563,rovixacorepro.it,2879,7aa8e03a-d221-49c4-8c04-741b87065d7f,2946,ok,
1564,fiorix-portaris.net,2880,24b4ecb0-b37a-436c-85b3-45048fb31b80,2947,ok,
1565,dexan-moro.org,2881,bffc99dc-5c7b-47b7-8fe4-17ca2c8c31d6,2948,ok,
1566,tryghed-finlore.net,2882,519793af-df77-4865-9781-a16fb5f436df,2949,ok,
1567,blask-finthra.pl,2883,c609e0d7-bba1-4a69-ad88-db3756ae7d9b,2950,ok,
1568,stezka-gaintrix.cz,2884,91df6786-7896-4136-acc9-67bf82fcc397,2951,ok,
1569,vista-finvora.es,2885,5842a60c-c61f-48d2-8aee-cb7239eafe03,2952,ok,
1570,cresta-fundvex.org,2886,fbf4595a-f240-4fe2-9ec6-d2b7e1dc23a6,2953,ok,
1571,facho-fundvia.org,2887,29d0d018-b1a5-4d93-81fd-15fdb1856a37,2954,ok,
1572,bitai-bumex.com,2888,59f0b97a-13c8-4ec8-9fe9-df5996c4ea79,2955,ok,
1573,blorexgenz-de.com,2889,e848befe-643f-4f2e-9d52-4131bf9aa933,2956,ok,
1574,ciclo-monrevo.es,2890,91bf7f5d-49a7-41c0-b80d-2f2e44ff4d5d,2957,ok,
1576,bit-ai-bumex-official.com,2891,6756e649-0773-47b7-bc5a-03876bd30b64,2958,ok,
1577,vandelixio.com,2892,5256ab5a-e5e1-40c8-bd25-387ac89567c7,2959,ok,
1578,dash-exelon-300.com,2893,e4e64ad2-3286-4bde-af03-5821bd972a26,2960,ok,
1579,vandelixio.org,2894,6f47f34d-093b-4dbd-b0b9-ac8434d30819,2961,ok,
1580,instant-kantrex-pip.com,2895,65b116d9-0660-42a0-9020-de90f3bfcdce,2962,ok,
1581,voxtrend-putere.org,2896,e001083a-55d4-48ad-b6ba-b1ec8235997d,2963,ok,
1582,valoroluckx.net,2897,bcbd7fdd-f6f4-4184-a63d-6809dacdcc67,2964,ok,
1583,prisma-luxerise.org,2898,5076327a-3bda-43c4-94c4-dd3c968d7cee,2965,ok,
1584,piedraluz-monvex.es,2899,7653bfca-d618-46b2-8c7b-18a432dfdd5a,2966,ok,
1585,marco-fundevo.es,2900,11c14b1a-9f81-4467-91f3-725346a0039f,2967,ok,
1587,vrchol-fundalis.net,2901,d24cecba-315f-42f3-bf75-34a6f0ae558e,2968,ok,
1588,premio-luxarionx.es,2902,158d72a2-6bf6-40d0-adec-56148c9956c6,2969,ok,
1589,glyra-seno.org,2903,47d33c79-27eb-48d8-91e2-7f7bce43d1cf,2970,ok,
1590,faro-bitrevia.org,2904,f67c9da9-51a5-4fcb-aa96-d165afc404c0,2971,ok,
1591,instant-kinrix-pip.org,2905,76e1bef6-4d4d-48a1-9a5c-d4c8808bf001,2972,ok,
1592,chain-kionex-pro.org,2906,fce71ba2-3661-4a9a-a7d3-945806b98ab2,2973,ok,
1593,cumbre-ganancio.es,2907,9984f4a8-c12d-4417-8c34-73476da6496e,2974,ok,
1594,altin-zeptorax.org,2908,cf1e3341-d4a3-4f0d-a94e-63c98ba03323,2975,ok,
1595,souveronyx.org,2909,d1ffcf9b-9563-4329-9015-7c23e82cbb60,2976,ok,
1596,ordolixe.net,2910,429b0915-02c5-43f6-97fa-38a631dac506,2977,ok,
1597,jadro-finexus.org,2911,c61ccee8-dbbf-477e-800b-90131fafe473,2978,ok,
1598,fortunezza.org,2912,59507a5b-b36c-4382-8784-1a1a39498883,2979,ok,
1599,kapitmond.org,2913,3de45e02-ed94-4f3d-b2d5-4585fba0b9cd,2980,ok,
1600,piedrix-luxalis.es,2914,b568f10e-70b2-4c4f-bad7-57ee4f6b0c17,2981,ok,
1612,nobile-rendivo.online,2915,321b95a6-246f-411c-a7d7-876237543d99,2982,ok,
1657,franco-reservian.org,2916,7fe1a60e-927c-4042-8284-49920ee2ec6c,2983,ok,
1658,finoxotra.com,2917,4e3ee5ba-322c-4794-b023-43a576787de2,2984,ok,
1659,puroliquidario.com,2918,690cd2c9-4243-436e-9d2d-c8027ca86a04,2985,ok,
1660,cunhainvestorio.com,2919,0e092e1c-a0ae-463c-845c-f3e1ddb21675,2986,ok,
1661,grammifintrion.com,2920,c316938d-2fb9-4e9a-ab43-1536a8628041,2987,ok,
1662,gabrico-nodeum.org,2921,ed83eb69-1ab8-4c9a-8f67-0469516d95c6,2988,ok,
1663,bovirentix-fin.com,2922,27aa74c5-86dc-4a04-b966-741395f13d35,2989,ok,
1664,bovirentix-fin.org,2923,10ac5084-833a-4cd8-ad79-8735bca30322,2990,ok,
1665,bilykapitovin.org,2924,d3d5251a-a79b-47c9-b85a-33f099e692ac,2991,ok,
1668,largo-tasadan.org,2925,db07b810-edc3-47b4-b87d-3e71001cd6b5,2992,ok,
1669,vasto-cambiante.org,2926,4e008110-9504-4af9-b88f-7ff091b11c25,2993,ok,
1670,ziskovum.org,2927,246925fa-ae86-4f96-97e5-99a89b9b540b,2994,ok,
1671,amplio-creditian.com,2928,f64adc53-4bc4-4061-9ece-7ed7a4059938,2995,ok,
1672,gitnexzolo.com,2929,74ffde0c-6519-4cd2-a45c-7bf805731f0a,2996,ok,
1673,altnkapital.com,2930,c0a53507-705b-4b46-b7ec-c592fcfa936c,2997,ok,
1674,grande-capiteza.org,2931,7ed31c4c-8460-4fda-bd4b-2b4658565269,2998,ok,
1675,solidomercantan.com,2932,57e08c38-ffd8-4eca-9213-2a0bd3130372,2999,ok,
1676,novykapitstav.com,2933,ac3c1db6-98a3-4389-8652-3fb9739830bb,3000,ok,
1677,scatto-finmaxis-it.com,2934,ef674316-3b73-426e-bb1f-eb02749aa4ad,3001,ok,
1678,zentoravesa.com,2935,b2113d34-9e78-4b44-ad47-cc03cc6c6fab,3002,ok,
1679,albafundorix.com,2936,9f7f175b-9a89-4518-b58a-1845cee87d52,3003,ok,
1681,vlies-rendiburg.com,2937,240dc685-c71a-4137-9b4d-4c8e599c7d57,3004,ok,
1683,pleno-valoradan.org,2938,17685e94-befc-4b04-bb1c-29db8fb2d7a0,3005,ok,
1684,firme-operantan.org,2939,89afb80e-554e-44a6-839f-be265d5f88cf,3006,ok,
1685,franco-creditan.org,2940,ea4fd96a-ac68-4b41-968c-bb5736cfc671,3007,ok,
1686,franco-reservian.net,2941,3c2c839f-9a1e-463b-8f70-6b48ca32d6ef,3008,ok,
1687,havaninvesario.com,2942,dfb35b0c-6c90-463f-b308-3704f9886b01,3009,ok,
1688,glaciar-capitaleza.com,2943,038ad143-4712-4150-9577-4a24c3a89858,3010,ok,
1689,vietortradovin.com,2944,0bcebbf9-c89c-41e5-bb00-992e56c20dda,3011,ok,
1690,suelto-creditante.org,2945,7762c531-3b7d-42ab-aaee-3effa4192de0,3012,ok,
1692,finora-ai.org,2946,08b7d606-e058-4661-ad47-42d9a7bc466b,3013,ok,
1693,guvenbirikhan.com,2947,494f6dc5-37c1-4fda-a68f-c512f88febb1,3014,ok,
1694,likiditu-kuro-tr.com,2948,e0ca09d1-49ae-4f20-acb1-d14da4ad3949,3015,ok,
1695,funke-anlagenz.com,2949,2e7fcc03-76cf-4966-8f1a-2a2281fa62f0,3016,ok,
1697,amethance.org,2950,a3bdf583-207b-407a-ad15-101587a478e6,3017,ok,
1698,starkvardeborg.com,2951,8ea01c92-adcc-4d8a-b4b1-0bfd450a73c1,3018,ok,
1699,cabal-rentorio.org,2952,1a0bc879-4cd8-48d1-b3be-accb8923c36c,3019,ok,
1700,equitablegaintor.com,2953,e27de661-06d2-4ef1-9465-9bd1dcf2ae63,3020,ok,
1701,venitance.org,2954,d224ccdb-a531-4dcb-8409-a8f791bbca69,3021,ok,
1702,frame-2u-avapro.org,2955,b42e85f6-2361-4830-8560-4a0c42ddf852,3022,ok,
1703,schildvaultaris.com,2956,4ae4e639-7020-4bfd-9dfc-db3d8af1f666,3023,ok,
1704,otevreny-rentnik.org,2957,0408b272-7a65-4321-bf1d-7b113ccf57c8,3024,ok,
1705,valoranco.org,2958,888eeaba-c66d-411e-84f8-0883eb06c44b,3025,ok,
1706,stabil-tokehaz.org,2959,db078018-fa26-4b20-8a88-3a1f37f48864,3026,ok,
1707,auriveofinance.com,2960,8775ac2e-0210-43bb-8b70-dc02dd75da6a,3027,ok,
1708,nezertronixpro.com,2961,f1a08da9-2ef6-49aa-a216-d0432ed87736,3028,ok,
1709,klaraktivstad.com,2962,776a633c-fd97-4bcf-9712-d479d62cab1e,3029,ok,
1710,kapitaalmonrevo.com,2963,b161ad29-a318-494c-9534-809e74fc36ab,3030,ok,
1711,clar-lichidarial.org,2964,c9fa72ed-f350-4168-a989-305fed51d327,3031,ok,
1712,sur-capiteza.org,2965,af8a6cc3-e095-4aa4-9dd0-1309c06e974b,3032,ok,
1713,lakroai.com,2966,fffc48cd-7472-4b77-8b8e-5861e7466784,3033,ok,
1714,laaja-voittostad.com,2967,a9a3eaf4-a52c-4987-aa2a-4e0e78ce71bf,3034,ok,
1715,stabil-tokehaz.com,2968,bd87ef5e-de42-4a49-af3b-f38550357e44,3035,ok,
1716,dash-eurax-pro.org,2969,307a589e-442a-4801-9b52-a26c8ba828f4,3036,ok,
1717,fortupro.org,2970,fa0296a0-afbd-4d6c-b027-00ddee902522,3037,ok,
1718,resorte-capitencia-es.com,2971,72142c63-3dbf-4301-b08d-99bc88f6aef6,3038,ok,
1719,cumbrynace.com,2972,91acaf77-134b-4ee5-a207-068fb64c468e,3039,ok,
1720,index-kinrix-lab.com,2973,15afd4c6-04bf-4a96-b541-383ad8a32b6a,3040,ok,
1721,rijkfondburg.com,2974,036dd272-9c1b-4750-8c67-5142303ae1a0,3041,ok,
1722,apenformuestad.com,2975,2b572fbc-8619-4aef-a8ab-c195974bc7d9,3042,ok,
1723,vrcholhodnotin.com,2976,139c98f3-1f80-4906-8f46-5cba5e1fff62,3043,ok,
1724,oestefinencio.com,2977,19dc21a2-d88e-43c7-b102-a20708fb362d,3044,ok,
1725,strk-kapitalekt.com,2978,97c019a7-201a-49fd-83d1-0aa077ffbe6a,3045,ok,
1726,magyarorszag-markdex.org,2979,ebf27ecb-b733-4650-b2f3-1bf5e10335dc,3046,ok,
1727,swapadipexai.net,2980,2585db02-0294-405c-b25a-b60bbf57859c,3047,ok,
1728,mozgalomfinlore.com,2981,3aec355a-70c1-4775-82a4-5164a5310ab3,3048,ok,
1729,fortaspire-talen.org,2982,177bc626-9e19-4129-aa44-a2c3202615c0,3049,ok,
1730,valenthe-horizon.com,2983,7fee71ac-846e-4b9b-8dec-c8259404d23f,3050,ok,
1731,arbinio-ch.com,2984,186e9454-74c4-40ee-9759-99476748a0e5,3051,ok,
1732,vastkapitstad.com,2985,361f8d98-dff0-4330-9e9e-e2b594672e0f,3052,ok,
1733,purliquidheim.com,2986,a4ac4e8b-ea41-49d7-bf7b-bcf035b06b3f,3053,ok,
1734,verdifjord.org,2987,8c69e74a-a535-454d-8935-0fe3512ac52a,3054,ok,
1735,lernejo-ai.com,2988,f9197a24-9227-42c2-ad4b-c28d9cd88cc9,3055,ok,
1736,beliquranoviq.de,2989,2c12f88f-999f-4992-a528-deaf78afee8b,3056,ok,
1737,tramovaltrion.org,2990,05f019b8-4878-498b-a568-706f45e4e3ab,3057,ok,
1738,snazniprinosnik.com,2991,efbef86f-d919-4d2b-b732-8d79b667a415,3058,ok,
1739,stream-flarex-fin.com,2992,88bfd76c-112f-4cf7-9fb7-1674f217918e,3059,ok,
1740,segurrendiekt.com,2993,d4d24000-e45a-4ec4-9593-5035b0fe7d5c,3060,ok,
1741,velora-funds.org,2994,9180b99b-2024-4c79-af9c-f2f59bfb2a08,3061,ok,
1742,val-creditance.com,2995,a757e22c-1900-47ba-b768-4b708b177c68,3062,ok,
1743,dynamis-korexis.com,2996,2c8d73e7-4272-4bfa-8640-7884faf274d3,3063,ok,
1744,cretefortunois.com,2997,f5ce9072-a0df-49cd-aa6f-c1ad350e9e33,3064,ok,
1747,kamen-vynosin.com,2998,acc1743f-eade-4f4c-8f60-e516591f3b3c,3065,ok,
1750,pourpre-valorange.com,2999,19d8aa94-c982-4e2e-9e12-84ab21c6a87f,3066,ok,
1751,pillar-yielode.com,3000,b4b9e5b8-6bd0-4e92-89de-a07fe7f03c52,3067,ok,
1754,loup-capitange.cfd,3001,eb412b77-3fce-4043-aefb-118b81216337,3068,ok,
1757,birke-vermostein.com,3002,a3fb115d-9fdb-48da-b266-44532d12116d,3069,ok,
1758,polunexa-pro.com,3003,7a77106d-a2b0-4278-8574-212b17eb09cf,3070,ok,
1759,ziskontria.net,3004,66a7fab4-92ba-486a-b57b-9f8743661603,3071,ok,
1760,ohnisko-tradevo-cz.com,3005,0597ccb1-7c36-4b25-b723-313737698021,3072,ok,
1767,giusto-wex-it.com,3006,dcd95bab-9dc5-4647-8838-f38f083b3071,3073,ok,
1769,grunn-fundvia.net,3007,4dfa1e6b-834d-4b71-83ac-adcff07b553e,3074,ok,
1773,lavalendo-tr.com,3008,324a1e05-6ddf-4ec2-9677-6102548983aa,3075,ok,
1774,asse-evolara.net,3009,e4888e3e-c36a-45db-8341-3d0752f18306,3076,ok,
1778,pico-lucrenca-br.com,3010,89c27922-ebf0-4c0d-80c4-524a7fe640c0,3077,ok,
1781,meuse-avoireve.site,3011,20233079-532d-45c3-940d-9235b190174b,3078,ok,
1783,amplolucrenio-br.com,3012,89efd016-d991-4997-9515-906066a2ea7f,3079,ok,
1784,profitesafondos-ar.com,3013,32a4f8a3-3b57-4ad2-9f30-beaff6478d51,3080,ok,
1785,cardinecrescivanta.com,3014,ba0d4912-d166-454f-81a0-3f49d3237a70,3081,ok,
1786,nadel-ertragburg.com,3015,69dafc63-f7a2-44e0-96ec-363979a4ec77,3082,ok,
1788,stark-ertragstein.com,3016,74c89f9f-d70a-46bc-91f2-2f48ef603715,3083,ok,
1790,sokol-dohodava.com,3017,fae86983-084e-4634-bec5-397cc1da4cc7,3084,ok,
1791,vyplata-trznikov-cz.com,3018,3cbb0d43-6ee9-4396-85ed-571267eb538b,3085,ok,
1796,lading-rendewoud-be.com,3019,2c2281f6-a711-4b07-b92b-51e1a92cfad1,3086,ok,
1798,credentixgpt.com,3020,f1ae23fc-3f88-4fcc-bb11-a7e4a816e4f4,3087,ok,
1803,baur-kapitewe.com,3021,161d9694-0483-4168-969d-5a46ab0ea438,3088,ok,
1809,xenqoria-it.com,3022,577f3b5f-2f41-4ee0-8790-f58e69700745,3089,ok,
1816,aurak-lurgenden.com,3023,981fdb66-72f0-462a-8b8a-1e73bb7256d9,3090,ok,
1818,opulartix-uk.com,3024,e984965e-4182-4c91-9417-fb6fb99ef59d,3091,ok,
1821,crescivolta-official.com,3025,26e60227-6450-4d23-be13-1047ae876fcf,3092,ok,
1825,invexalia-gpt.com,3026,df60ac76-dfaa-4864-b13d-83a49a7c5246,3093,ok,
1829,goaltengra-uk.com,3027,062ab42f-e336-4ed6-90fd-04154fae2e9c,3094,ok,
1836,pacifico-valoria.com,3028,c3c03c04-758b-4d35-9e91-2311987e1ab2,3095,ok,
1837,brasa-poupecto-br.com,3029,6ffbedf1-2fe7-4de7-aad8-4775e160a41a,3096,ok,
1838,plazentia-pro-ar.com,3030,a672cc18-6236-41f5-89a3-d7ee8a515735,3097,ok,
1839,futuro-dexlink.net,3031,5c727c69-de7a-4e8a-bcb9-886b969b044e,3098,ok,
1840,aurorafinspirex.com,3032,d99764c6-f650-49cb-b4f1-63465f8b5ac6,3099,ok,
1843,rezervevon-cz.com,3033,a3fb18e3-5c7a-4ab4-965d-dd5df2bd6c4e,3100,ok,
1844,profitido-fudrevo-ar.com,3034,7c163888-568b-4455-9d0e-dddd0905d206,3101,ok,
1845,duna-valoranza.com,3035,cc3f2433-946f-4f22-b998-2d0f416b2d6e,3102,ok,
1846,hodnotecs-cz.com,3036,406a7313-3c16-4fb0-9360-fc3a94185167,3103,ok,
1847,qzovarel-de.com,3037,e070e7e1-4be4-4ae3-b35a-9e755668bb75,3104,ok,
1848,crescer-calyron-pt.com,3038,d02e5b73-6b4a-4402-9a62-dc6180adc538,3105,ok,
1849,kapitrenvex-nl.com,3039,ba2f4e5e-5f90-4bfb-8586-408c552b1565,3106,ok,
1851,bitovexia-gpt.com,3040,1d17e6a6-bbf7-49d6-a978-3784a5536b15,3107,ok,
1852,nexute-brillo.net,3041,a42a2621-c401-498c-ae0c-4cf26910ef0e,3108,ok,
1853,ferme-valeurect-uk.com,3042,65b24fc8-3730-4bc7-b1ed-554de82117a3,3109,ok,
1856,xylvax-prime.com,3043,cca58d91-1078-4eb5-875d-1788cedc2da4,3110,ok,
1857,cielo-rendetto.com,3044,779004cf-8ede-430f-a910-c4d510895453,3111,ok,
1860,lucefastholm.com,3045,ee1e3544-6be5-4979-a3ad-110f6c5d8587,3112,ok,
1861,larice-rendorio.com,3046,68a5efb3-590a-4a25-89e7-a0e913ef5c7d,3113,ok,
1862,franolonyx-fr.com,3047,fe55c5e5-f480-4441-a654-03839c1321dc,3114,ok,
1869,paydevlet-ai-tr.com,3048,69bf63ae-c033-4d7c-afbe-3ca115a43349,3115,ok,
1870,pevna-zyskonvale.net,3049,3d0c51e8-1394-4244-a73d-bd2bb3ac90a3,3116,ok,
1871,immediate-binestar.info,3050,8f6c5faf-fdfd-48c2-81c8-a3751cd81f3f,3117,ok,
1873,ferme-valeurect.info,3051,233b4d8e-6101-49cb-8533-e6018f06ed05,3118,ok,
1885,aitcapexx5.site,3052,e2ca4fa4-3c93-4b9b-b9c7-b961c3c08071,3119,ok,
1920,bergkuppe-portia.site,3053,6da86103-9834-4e00-96a3-2348fdc65cc0,3120,ok,
1979,cap-dividaval.website,3054,3463f2d3-b307-4218-80d1-c24e0a1091f5,3121,ok,
1980,royal-kapithorne-uk.com,3055,f9d38abb-a7ae-4b5f-afb1-f7c08b7b9270,3122,ok,
1982,bunexya.com,3056,59b9efac-963c-4111-b22d-fd60ab5634b7,3123,ok,
1984,romstivorex.com,3057,987c6fed-19db-40ce-8a84-4e79b2c1cfc7,3124,ok,
1985,eisen-vermolt.net,3058,1ca9176c-cacb-4c70-8a96-000636d8ae51,3125,ok,
1986,trenvio-neaural.online,3059,d97686b6-b70a-432c-a3be-35c0e26f54d0,3126,ok,
1987,falesia-rendivo.com,3060,41971297-b6e6-48eb-ad91-a6a3d35cc5d8,3127,ok,
1988,argentum-fondencia.site,3061,273397b8-ef10-4b32-8edf-aeddeff0de27,3128,ok,
1990,vela-investaria.com,3062,d2719fa0-34b8-49e8-b53c-efa5b1518228,3129,ok,
1991,shift-cipro-lab.online,3063,1e209b20-1831-4a51-848d-149bc49d1a90,3130,ok,
1992,operace-urokez-official.com,3064,42d56ceb-46d6-4e4c-b569-bec48c972c99,3131,ok,
1997,caudal-inversoria.net,3065,43944422-7116-4549-8120-5a787eafd6d3,3132,ok,
1999,leme-rendivenca.net,3066,2c5dc570-ad65-4def-ad5b-e3a104c60991,3133,ok,
2000,aguilorio-mx.com,3067,0968b82a-aaab-4a0f-8ed9-7d8d37ba8414,3134,ok,
2001,bitrevo-circle-uk.com,3068,d839618d-1905-4018-925e-1bd58d86a9a2,3135,ok,
2003,akse-luxerise-no.com,3069,0f88ae1d-acd2-40bd-865a-5d718525a70f,3136,ok,
2004,altin-fundexia.online,3070,e6aa0c22-a6c6-434c-a7fb-c0981c72ef02,3137,ok,
2005,alvo-bitluxe.online,3071,a7c030b6-905b-4334-846e-05c8fa019f0b,3138,ok,
2006,ami-capitolex.online,3072,413c1a10-1e80-424c-a817-114ff4f760da,3139,ok,
2007,apice-nexcore.site,3073,f18e233b-5eaa-4d41-a6d0-24984341d092,3140,ok,
2008,apice-corebit.site,3074,83950d02-7a13-4d37-838f-dc3bc8c73a23,3141,ok,
2009,apice-paycore.site,3075,b1c4ca67-cd35-4f69-bdc9-f117ff7e5dc2,3142,ok,
2010,asse-gainlux-it.com,3076,82ccf58d-4d2c-4e2f-891b-1338a6507c24,3143,ok,
2011,auge-monvera.online,3077,5ab57a17-99b0-45ea-973e-76a245f67d6f,3144,ok,
2012,atilim-luxent.online,3078,a0f50f2a-11d4-44c1-a954-c02097c1afa0,3145,ok,
2013,apice-evolux.site,3079,a48bf858-42fe-48b8-aa0c-fdc54f0ed57a,3146,ok,
2014,aurilio-valtrion.online,3080,6f44b78c-a76c-4846-bc89-7f843615b978,3147,ok,
2015,axel-fundevo.online,3081,15709549-32de-4c02-b263-b04f8323a132,3148,ok,
2016,aureo-finoble.online,3082,52d2e4aa-a7e7-4e46-b4ad-c43e04b4b9b2,3149,ok,
2017,aurelio-fundvex.site,3083,a8a4da2d-0f4e-449c-b7d2-0eb33123ce77,3150,ok,
2018,borde-finoble.info,3084,60d57cd3-d2cd-4d52-86b8-e371a18c184e,3151,ok,
2026,lampo-fondivio.site,3085,b1dc9b14-3228-410a-8970-0ab205a11797,3152,ok,
2027,velnorevia-fr.com,3086,37679026-ef18-40f0-8950-cacf4af832f1,3153,ok,
2028,douve-fondenca-be.com,3087,8966c734-1701-4509-870a-ac6db3f37269,3154,ok,
2033,antenoinvexa.com,3088,ee155edd-2a30-44b7-8448-e13dc6a2e5aa,3155,ok,
2045,zylkex-de.com,3089,f7eb1868-4750-43b1-bcdd-a97f3fd0422c,3156,ok,
2046,kaptrovenez.site,3090,955b235e-a29a-44e0-a241-4d8c7bb76db2,3157,ok,
2047,kaptrovenez.website,3091,ba56c5d8-2b6a-404e-9461-1fcd1a43da30,3158,ok,
2054,lumbre-invereza.com,3092,9552df41-4b2a-49d2-891c-b0246057519a,3159,ok,
2055,corvusintelligence.website,3093,594b6111-6206-45e7-806e-e67e2d3c7007,3160,ok,
2056,zenithquantwick.net,3094,bfd1d1de-38d0-4901-8b69-8774171482e7,3161,ok,
2057,kapitalviresta.site,3095,f686da93-043e-4438-9cba-71b337ce660e,3162,ok,
2058,bancolombiainvest.com,3096,e4360ff2-ce8f-403b-9990-d158fe6f4ab0,3163,ok,
2059,flujocapital.online,3097,a920ae53-9775-439e-8da6-629e5206c171,3164,ok,
2061,vliesrendiburg.net,3098,af4a488b-3395-46c7-bc23-f36a5141ade0,3165,ok,
2067,stakelexiprocap.net,3099,184dfc19-7984-4e40-8275-bd335df0e7ac,3166,ok,
2068,souverainnoyavex.online,3100,a6178f77-d4b7-4e9b-a81d-2cd0171e8cf6,3167,ok,
2069,stakeiplexhub-fr.com,3101,f1595913-1a6c-4fe3-a586-87aab0ece0f9,3168,ok,
2070,lan-dochodura.com,3102,b0f8dfb9-62c6-4189-a640-71e37a96de2e,3169,ok,
2071,gentbeursveks-be.com,3103,4aac2227-13cb-4970-bcd9-a9b010fb2262,3170,ok,
2072,velnorevia-se.com,3104,d56e1749-e960-43b0-8707-f2e40f113436,3171,ok,
2073,cobalt-rendix.com,3105,31ec5788-90df-47db-acfd-9a62b427b190,3172,ok,
2074,monarque-fondif.cfd,3106,825b4758-efb9-44f1-947e-5602078c4d71,3173,ok,
2075,lorventorassium.net,3107,f074d486-c4b1-4cce-b9c3-924a4fbe4d92,3174,ok,
2076,zenitkapitange.com,3108,24dcefda-aa22-4a7b-b06e-68c4d71be3bf,3175,ok,
2077,nexo-portaris-es.com,3109,dc3ec848-63ce-47d6-ab08-254ef199be5c,3176,ok,
2082,rookgewinvale-ie.com,3110,303eed7d-70da-4880-b1a3-06c66f70c875,3177,ok,
2084,zyskonex.site,3111,88b9668e-083e-452b-b398-0012c702e043,3178,ok,
2086,aster-capitex.info,3112,539e205a-8e2e-4c77-80db-ddf3141fce52,3179,ok,
2089,cirevonta-gpt-ph.com,3113,ea4625d9-1e6e-4148-9577-520a36e68f57,3180,ok,
2090,slide-hiprex-xr.com,3114,2934d56c-4dad-48f8-8c72-59272863a7bd,3181,ok,
2092,btc-solgreen.com,3115,a30aff0a-90d2-4ef4-8a49-64ac38f2dade,3182,ok,
2093,crete-fructecte.site,3116,adcc8dad-8e1d-4bdc-9d6b-15e54dc0df90,3183,ok,
2094,utileradioso-it.com,3117,efcda54a-3b45-4897-8989-efbb9c3a7149,3184,ok,
2095,sirio-patrimivo.com,3118,50a14ea7-0beb-47fa-9719-5d7dc517cf93,3185,ok,
2097,slide-daypro-xr.com,3119,395c8ea3-3b91-4dc6-97d1-858c23da7428,3186,ok,
2098,anchor-equimere.com,3120,7c8e6aa1-f925-4a3a-94a7-1cdd09292c2a,3187,ok,
2099,diadema-fondorio.com,3121,2950642b-616f-4cd7-9587-55be0a559d63,3188,ok,
2100,fidele-monvexor.info,3122,b1a1c555-657f-4b41-b2b4-ca139ab9bd0d,3189,ok,
2101,luc-kapitviken-se.com,3123,a039caee-5a2f-45d1-b0ce-671c23e141ee,3190,ok,
2102,prudenteportexia.cfd,3124,d144de46-649c-4ac8-ba72-862d06b95a30,3191,ok,
2103,lorncreditvale.net,3125,68baad0d-8df8-4779-b665-22da09cbdd04,3192,ok,
2104,capitalequira-au.com,3126,7480ce73-8de2-412c-8443-eeb7383938bc,3193,ok,
2105,havan-capital.net,3127,ef9a610f-50b9-41fd-884e-ff23c045d3a3,3194,ok,
2106,dinamicaprolexis.com,3128,d6a4e1a3-1576-4170-b4ed-f4a637a09001,3195,ok,
2107,zenith-wertstead.com,3129,c6885b4b-ab35-4982-852d-89ec2d7784b1,3196,ok,
2109,clarlichidarial.net,3130,37b9802d-03da-4a3c-a3e3-357148ffc33d,3197,ok,
2110,trono-fundencia.com,3131,680609b7-2cd2-4821-8cdb-067c50170de3,3198,ok,
2111,trono-fundencia.site,3132,020e1d2f-e84a-485d-b878-6299f7122b28,3199,ok,
2112,sensoriplex200.info,3133,7e2175aa-fe43-4e04-8912-1be92e3e8a61,3200,ok,
2115,keralvionprime.online,3134,693b3877-19de-4983-be0f-33e6335109ef,3201,ok,
2116,fortcredmere-ph.com,3135,4a757f1b-ca1e-48a6-ae27-79c2e71d2e3d,3202,ok,
2118,aster-capitex.com,3136,ca539f3a-995d-48bd-bdfb-7de85b19f3de,3203,ok,
2119,beacon-renditave.online,3137,3224f84b-8516-4907-af84-e770dd931fab,3204,ok,
2120,senvestium-it.com,3138,5b477f61-66f0-4986-98d9-1b482ffd6221,3205,ok,
2121,immediax-jp.com,3139,4b3fcb63-fa6c-45ce-8c3e-2e4f06053321,3206,ok,
2123,sigurlucrosin-ro.com,3140,324696c0-2bf7-45fc-8195-183e9a678c8e,3207,ok,
2124,ilmainenkonsultaation.com,3141,634ae591-8e87-47c6-8144-5348aebd0e2c,3208,ok,
2125,aurefondaise-fr.com,3142,16f3ea85-0d55-4b08-bdeb-cfe25cb4eaeb,3209,ok,
2127,quantorainvest.info,3143,33a5b960-1552-4c8f-a4d8-91d22388d989,3210,ok,
2128,randivura.site,3144,dda1f708-22cf-4a4b-a6a4-f1217c0ce26e,3211,ok,
2129,boost2uaxid.info,3145,d2a70dd5-afb8-4fc0-9821-112e90207267,3212,ok,
2131,finmorex-funnel.net,3146,5487d9ba-664c-489a-b261-6f9006ab9172,3213,ok,
2132,valorgestencia.site,3147,0995f961-d619-4622-a99b-f848ba560d21,3214,ok,
2133,vatandaslikfonu.com,3148,14b07d4e-60b8-47a8-8ef8-25a640bff624,3215,ok,
2134,legacybitfundex.site,3149,dcd7cb7d-c6bc-4e5f-ad95-5c231710e69f,3216,ok,
2135,lyra-vestgrove.com,3150,8d8546ae-02fb-44d7-a23c-ddf13f1dea62,3217,ok,
2136,impulscorevo-nl.com,3151,5fc494df-5d2c-4332-951b-b76ca265d4a6,3218,ok,
2137,fuerte-inversanza.com,3152,5491cdc3-8fd7-42e5-877a-baf0b6cff8b3,3219,ok,
2140,aurevia-trade.com,3153,266883e9-1756-4247-b65a-14cf45159631,3220,ok,
2141,tralvenor-gpt.info,3154,cd382481-6d0f-4234-a0f0-6af7ec71a043,3221,ok,
2142,bitrendivio-it.com,3155,2bca75fa-f8b9-4d79-b410-75dd916d911a,3222,ok,
2143,vitessefinterix-fr.com,3156,f594ebfe-b3a9-48c3-b9d0-9a768543e2d9,3223,ok,
2144,moshifolkstead-ng.com,3157,a5b099c7-4f1c-40e4-a6ae-2cce8d8b4d22,3224,ok,
2145,clover-kapithaven-ie.com,3158,1faaf956-bb36-4fe2-96bf-61306a3e20bb,3225,ok,
2146,boost-2-u-axid.com,3159,5af6d854-d78e-4f3f-a657-f3bc65f416bb,3226,ok,
2150,purrendavio-fr.com,3160,26e6b53c-532f-4784-8132-ddc7d0a7710a,3227,ok,
2151,ironfundalis.info,3161,c7e37130-8473-443b-941c-1b8074e1e203,3228,ok,
2152,perle-zinsstein-ch.com,3162,1d0c9bed-e439-4435-8092-e5752e2e8bc8,3229,ok,
2153,ananos-capital.net,3163,2652c45c-cdee-4f3b-9c13-ba75175828da,3230,ok,
2154,nexussakura.com,3164,80790cd4-d244-47ae-ab7e-fcee0c1dccc7,3231,ok,
2156,visaya-capital.info,3165,67158a23-c19e-436f-bff7-146799fee75a,3232,ok,
2157,santander-platform.info,,,,error,не найден money-flow (без adspect-фильтра) для расчёта позиции
2158,zmurkenaun-de.com,3166,7150e482-6f06-41a7-893c-531d7a9cff20,3233,ok,
2159,signal-2u-lispro.online,3167,b26ca333-1fa9-4a70-b5ee-04a4b400a836,3234,ok,
2160,argenthelvetis-prime.online,3168,db55d450-2905-47d2-a098-6088cd6bd6aa,3235,ok,
2161,stock-maximum-pro.com,3169,115fad06-4b37-4451-8ebc-27fbe8705d4b,3236,ok,
2162,nuitcapitange.net,3170,2915748f-60ae-4323-9660-da11190bf0f6,3237,ok,
2163,shiftkinrix-opt.com,3171,a69be4d7-7471-4cd4-93ca-e3988891fcc2,3238,ok,
2164,stvaldegrun-de.com,3172,965c2a90-9987-4b57-be50-afdf84f8c4fb,3239,ok,
2165,dzelamokru.site,3173,cbf0e197-7fd1-446f-bba6-948a26d7f1b0,3240,ok,
2166,silver-vermoquin.com,3174,1514c90c-30df-44c8-9514-1701c50c895a,3241,ok,
